-0.23876953 -0.066986084 0.19873047 0.11050415 -0.24121094 -0.3310547 -0.4501953 0.25976562 -0.068603516 0.08642578 0.040771484 -0.19843292 0.005859375 0.50341797 -0.22753906 -0.001953125 0.06298828 -0.27294922 -0.29052734 0.030761719 -0.05517578 0.19677734 0.09375 -0.029785156 -0.01953125 -0.32421875 0.02734375 0.4753418 0.061523438 0.4631958 -0.0703125 0.10449219 0.12646484 -0.54296875 -0.092285156 -0.07763672 -0.072753906 0.5029297 -0.5292969 -0.19433594 -0.6298828 -0.31689453 -0.021972656 0.16186523 0.019836426 0.15771484 -0.016822815 -0.28295898 -0.17132568 0.19873047 -0.65625 0.08627319 0.4091797 0.09423828 -0.2788086 0.21923828 -0.2084961 -0.1850586 0.08227539 0.21044922 -0.30273438 -0.1171875 -0.25097656 0.39404297 0.15039062 -0.671875 0.0390625 0.1105957 0.30859375 -0.22216797 -0.009765625 -0.28814697 0.19140625 -0.25610352 -0.5048828 0.30200195 0.44433594 0.044189453 0.15698242 -0.40185547 -0.17407227 -0.0029296875 -0.3095703 -0.114471436 0.13134766 0.055908203 -0.5917969 0.40356445 0.060546875 0.18896484 -0.17456055 -0.05126953 0.23649597 -0.09338379 -0.084350586 -0.21044922 0.038085938 0.083984375 -0.021240234 -0.15527344 0.28588867 0.033203125 0.10546875 -0.1585083 0.042785645 0.22729492 0.07287598 0.4716797 -0.18066406 -0.20446777 0.15600586 -0.2998047 -0.51171875 -0.47265625 0.11303711 0.41503906 0.18188477 -0.14453125 0.16052246 -0.0234375 0.04736328 -0.03564453 0.13427734 0.028320312 0.035438538 -0.25354004 -0.19628906 0.53808594 0.09375 0.13867188 0.47753906 -0.15820312 -0.12670898 -0.5727539 -0.075927734 -0.026245117 0.026496887 -0.12402344 -0.15136719 0.23699951 0.31347656 -0.20349121 0.37963867 -0.2631836 0.15039062 -0.27783203 0.27246094 0.12866211 0.22216797 0.07897949 0.41503906 -0.52246094 -0.35075378 -0.076171875 -0.23144531 0.56347656 0.4111328 -0.036132812 -0.30810547 -0.12225342 -0.20214844 0.59124756 0.30419922 -0.22021484 -0.2290039 0.071777344 0.064453125 0.001953125 -0.69921875 -0.24365234 -0.4038086 -0.0009765625 -0.7363281 -0.5332031 0.17407227 0.56640625 -0.07324219 -0.13085938 -0.08154297 -0.1899414 0.17333984 -0.17626953 0.5175781 0.09277344 0.21210098 -0.31835938 0.30859375 -0.25683594 0.19709778 0.07910156 0.099609375 -0.16503906 -0.26037598 -0.39660645 -0.032409668 0.13476562 -0.08203125 0.06982422 -0.03466797 -0.49121094 -0.3095703 0.15112305 -0.36523438 0.16503906 -0.6142578 0.09979248 -0.3984375 -0.06591797 0.27075195 -0.17919922 0.32714844 -0.25195312 0.21777344 0.1361084 -0.09423828 -0.00036621094 0.5576172 -0.07543945 0.40454102 -0.4404297 -0.20214844 0.36621094 -0.13067627 0.02911377 0.14648438 0.06591797 -0.09326172 0.037200928 0.17333984 -0.12890625 -0.10284424 0.013671875 -0.26416016 -0.4375 0.060058594 0.087890625 -0.06665039 -0.061523438 0.30078125 -0.119628906 0.1661377 0.3955078 0.46679688 0.13476562 -0.07128906 0.07458496 0.32470703 0.31347656 0.16796875 0.16784668 0.13232422 0.48632812 0.6274414 -0.15011597 0.17584229 0.013671875 0.5673828 0.27148438 -0.3154297 -0.3383789 0.3388672 -0.0871582 0.31640625 -0.16394043 -0.1517334 0.033691406 -0.13757324 -0.13305664 -0.095825195 -0.17515564 -0.58984375 -0.09503174 -0.12670898 -0.31689453 0.0073242188 0.05517578 -0.0068359375 -0.3701172 -0.26708984 0.25445557 -0.3232422 0.099121094 -0.4658203 0.101379395 -0.140625 -0.4272461 -0.11022949 -0.20239258 -0.0087890625 -0.6269531 -0.14135742 -0.06640625 0.10827637 -0.009765625 -0.38391113 -0.015136719 -0.31835938 0.24169922 0.31396484 0.36621094 
-0.36865234 0.22988892 0.21191406 0.0047912598 -0.09277344 -0.36132812 -0.64746094 0.23828125 0.020507812 0.48339844 0.11206055 -0.034179688 -0.3623047 0.33789062 -0.26464844 0.29736328 -0.0087890625 -0.17651367 -0.06643677 -0.06298828 -0.053222656 0.2368164 0.23789978 0.34716797 0.06542969 -0.032226562 -0.00048828125 0.4033203 0.34375 0.3383789 0.19274902 0.2548828 0.060546875 -0.4609375 -0.19384766 -0.103515625 0.0056152344 0.5546875 -0.50683594 -0.051757812 -0.44873047 -0.2602539 -0.25976562 0.14013672 -0.05859375 -0.095458984 -0.29016113 -0.36108398 -0.10205078 0.11987305 -0.5722656 0.045410156 0.2866211 0.1665039 -0.1619873 0.23388672 -0.22753906 0.038085938 -0.0017089844 0.19335938 -0.17456055 -0.0034179688 -0.18945312 0.61816406 0.45410156 -0.71484375 0.0146484375 0.34960938 0.068359375 -0.014404297 -0.053222656 -0.24908447 0.35351562 -0.4326172 -0.44352818 0.032226562 0.38378906 -0.053222656 0.12231445 -0.33325195 -0.068603516 -0.10620117 -0.37695312 -0.3984375 -0.122558594 -0.0078125 -0.6855469 0.31176758 0.2109375 -0.1665039 -0.06591797 0.084228516 -0.015625 -0.03881836 -0.076049805 -0.1765747 0.099121094 0.45214844 0.15600586 -0.10900879 0.091796875 0.14550781 0.28601074 -0.055480957 -0.06121826 0.24588013 -0.19763184 0.50683594 -0.26123047 -0.21661377 0.18261719 -0.22317505 -0.19189453 -0.40576172 0.14282227 0.4248047 0.13598633 -0.32822275 0.18577576 -0.23150635 0.06298828 0.06591797 0.057128906 0.096191406 0.08841705 -0.35705566 -0.22949219 0.5996094 0.0053710938 -0.22851562 0.5732422 -0.017578125 -0.31518555 -0.52227783 0.14404297 -0.13330078 0.04083252 -0.24560547 -0.046142578 0.30145264 0.30566406 -0.36328125 0.32800293 -0.2932129 0.115722656 -0.31640625 0.31445312 0.16772461 0.08691406 0.29003906 0.16357422 -0.36523438 -0.037765503 0.09716797 -0.35839844 0.3864746 0.3310547 0.03540039 -0.11328125 -0.0949707 -0.1850586 0.41503906 0.29248047 -0.14550781 -0.19482422 -0.041992188 0.19897461 -0.3154297 -0.6621094 -0.39208984 -0.29431152 0.1665039 -0.44360352 -0.546875 0.17700195 0.7050781 -0.18701172 0.032958984 -0.028808594 -0.15625 0.27490234 -0.020141602 0.6298828 0.08886719 0.3642578 -0.22583008 0.078308105 -0.5595703 0.3515625 0.2241211 -0.088378906 -0.19140625 -0.03161621 -0.5449219 0.026916504 0.21142578 -0.0126953125 -0.048583984 -0.10986328 -0.4873047 -0.3798828 0.025634766 -0.29589844 0.09277344 -0.38964844 0.077819824 -0.33203125 0.1274414 0.3544922 0.046875 0.39746094 -0.018310547 -0.03125 -0.1607666 0.13623047 0.014862061 0.7714844 -0.018066406 0.328125 -0.3408203 0.029785156 0.5175781 -0.16845703 0.07672119 0.12695312 0.17919922 -0.071777344 0.13851929 0.17236328 -0.17553711 -0.27471924 0.09326172 -0.42626953 -0.3486328 -0.02017212 -0.041015625 -0.06201172 0.037109375 0.1343689 0.0107421875 0.16809082 0.15356445 0.48339844 0.07324219 -0.14559937 -0.103637695 0.21606445 0.5917969 0.20996094 -0.05480957 -0.18701172 0.45410156 0.6640625 0.06933594 -0.0546875 -0.3671875 0.22265625 0.14160156 -0.07788086 -0.27783203 0.22753906 -0.04864502 0.53125 -0.13134766 -0.16094208 0.24511719 -0.27294922 0.021972656 -0.049560547 -0.16040039 -0.68359375 -0.013366699 -0.026123047 0.063964844 0.0036621094 0.15014648 -0.037109375 -0.5957031 -0.34716797 0.50683594 -0.3515625 0.328125 -0.43164062 -0.122558594 0.03857422 -0.28149414 0.021484375 -0.32128906 0.08154297 -0.3725586 0.033203125 0.019042969 0.3203125 -0.10852051 -0.47265625 -0.23095703 -0.3642578 0.14221191 -0.049804688 0.37353516 
-0.21777344 0.05508423 0.047851562 0.29019165 -0.013671875 -0.29248047 -0.6123047 0.083984375 -0.084228516 0.21936035 0.1303711 -0.17822266 -0.23262978 0.5488281 -0.42285156 0.17919922 0.0048828125 -0.17871094 0.12548828 0.052490234 0.08154297 0.17089844 0.26013184 0.36767578 -0.12805176 -0.16217041 -0.19726562 0.47973633 0.28515625 0.6298828 0.16235352 0.19036865 0.2107544 -0.484375 -0.0073242188 -0.12036133 0.15722656 0.49804688 -0.5019531 -0.1640625 -0.35839844 -0.2524414 -0.18945312 0.3720703 -0.22070312 -0.020507812 -0.091918945 -0.49023438 0.11425781 0.17260742 -0.25341797 0.10522461 0.44628906 0.14111328 -0.18905067 0.23291016 -0.24414062 -0.0625 0.21704102 -0.092285156 -0.5957031 -0.10644531 -0.06021118 0.3942871 0.09667969 -0.5126953 0.103027344 0.22558594 0.25146484 -0.24951172 -0.11743164 -0.21588135 0.27929688 -0.4482422 -0.33789062 0.37304688 0.20483398 0.03466797 0.047409058 -0.41601562 -0.14379883 -0.08666992 -0.26513672 -0.35253906 0.032226562 0.099243164 -0.6894531 0.38793945 -0.022460938 0.13574219 -0.21679688 -0.015136719 0.078125 -0.13476562 0.022460938 -0.23779297 0.16815567 0.4326172 0.12866211 -0.036621094 0.4375 0.27075195 0.036132812 -0.054260254 0.17706299 0.39257812 -0.07702637 0.49804688 -0.43115234 -0.40625 0.36816406 -0.27001953 -0.41357422 -0.51171875 0.07019043 0.25634766 -0.07714844 -0.31610107 0.23999023 -0.033203125 0.064208984 0.14208984 0.04736328 0.059570312 0.06449127 -0.15393066 0.019042969 0.52246094 0.021484375 -0.15856934 0.4765625 -0.20739746 -0.25463867 -0.6035156 0.075683594 0.2944336 0.12536621 0.052734375 -0.13916016 0.10418701 0.20166016 -0.3544922 0.3935547 -0.2241211 -0.20214844 -0.107910156 0.15185547 0.39868164 0.16308594 -0.019042969 0.32421875 -0.3544922 -0.1002655 -0.0126953125 -0.45214844 0.49414062 0.5449219 -0.1706543 -0.22631836 0.001953125 -0.0390625 0.5493164 0.29833984 -0.33569336 -0.03955078 0.034179688 0.28808594 -0.06933594 -0.62109375 -0.35498047 -0.6503906 0.3383789 -0.69140625 -0.6796875 0.08520508 0.546875 -0.10546875 -0.0234375 -0.13720703 -0.037109375 0.27685547 0.048339844 0.640625 -0.08129883 0.020507812 -0.40527344 0.31835938 -0.2841797 0.15991211 0.18896484 0.03515625 -0.2421875 -0.25646973 -0.421875 0.039367676 0.19433594 -0.119628906 -0.20214844 0.04711914 -0.47509766 -0.20092773 0.17944336 -0.40234375 0.24511719 -0.6015625 0.04046631 -0.12988281 0.08154297 0.21517944 -0.27441406 0.40625 -0.123046875 0.11340332 -0.13879395 0.042236328 0.09082031 0.48815918 -0.049072266 0.44482422 -0.059814453 -0.2680664 0.45996094 -0.095458984 -0.029724121 0.03845215 -0.005859375 0.12701416 0.00390625 0.16796875 -0.24414062 -0.22003174 -0.016601562 -0.48876953 -0.24023438 0.31445312 -0.125 -0.19189453 -0.057617188 -0.046875 -0.181427 0.29504395 0.18762207 0.33984375 0.12402344 -0.034179688 0.036987305 0.14501953 0.36169434 0.118499756 0.11218262 0.076660156 0.43066406 0.49609375 0.06640625 0.038085938 -0.13964844 0.54052734 0.24316406 -0.041992188 -0.52978516 0.19909668 -0.20214844 0.2763672 -0.4345703 -0.043945312 0.16381836 -0.2919922 0.12817383 0.15185547 -0.005859375 0.013671875 0.042907715 -0.21899414 -0.1274414 -0.2548828 0.06591797 0.10229492 -0.3857422 -0.059448242 0.48242188 -0.5029297 0.16186523 -0.5546875 -0.052246094 -0.22216797 -0.3209839 -0.047851562 -0.25321198 0.22149658 -0.49365234 -0.265625 0.09326172 0.013183594 -0.1640625 -0.15917969 -0.33203125 -0.20996094 0.3876953 0.099609375 0.32080078 
-0.1796875 0.13516235 0.27246094 0.02456665 -0.045410156 -0.28173828 -0.5751953 0.26757812 0.12597656 0.2026596 0.077697754 -0.14697266 -0.059570312 0.62402344 -0.4658203 0.25634766 0.16415405 -0.37109375 -0.22607422 -0.2602539 0.03466797 0.12585449 0.34179688 0.026367188 -0.020996094 -0.25146484 -0.24804688 0.5722656 0.18310547 0.30664062 0.040039062 0.11425781 0.18054199 -0.37695312 -0.099609375 -0.22265625 0.06298828 0.40625 -0.5332031 -0.26367188 -0.35253906 -0.21777344 -0.14691162 0.111816406 -0.11230469 0.18115234 -0.13342285 -0.2980957 -0.076171875 0.045898438 -0.39941406 0.19628906 0.28393555 -0.030273438 -0.22631836 0.21826172 -0.1772461 -0.18017578 0.1340332 0.12512207 -0.4404297 0.109680176 -0.009765625 0.28808594 0.29882812 -0.7402344 0.078125 0.234375 0.29663086 -0.25830078 -0.18310547 -0.2822876 0.17016602 -0.55078125 -0.5488281 0.13720703 0.4140625 0.037841797 0.07373047 -0.12792969 -0.2043457 -0.095458984 -0.2253418 -0.11273193 0.1352539 0.09503174 -0.6171875 0.26293945 0.14257812 0.09301758 -0.1595459 -0.14013672 0.25793457 -0.1821289 -0.12939453 -0.06542969 0.10058594 0.31445312 0.23510742 -0.16772461 0.30664062 0.055664062 0.21435547 -0.24639893 -0.008392334 0.10058594 -0.042114258 0.6455078 -0.23583984 -0.1887207 0.37402344 -0.1928711 -0.32110596 -0.5957031 -0.12182617 0.21386719 -0.095458984 -0.5 0.24291992 -0.27124023 0.0071411133 0.21240234 -0.07366943 0.17150879 0.14359283 -0.045043945 -0.10964966 0.5 -0.13171387 0.02734375 0.5263672 -0.25549316 0.071777344 -0.8261719 -0.027954102 -0.083496094 -0.07922363 -0.017578125 -0.31933594 0.02532959 0.39648438 -0.38671875 0.25976562 -0.5019531 0.13720703 -0.34960938 0.3623047 0.26098633 0.15820312 0.045166016 0.17358398 -0.34228516 -0.46598816 0.06298828 -0.42626953 0.5703125 0.11230469 -0.006958008 -0.24990845 -0.3046875 -0.26882935 0.6899414 0.35302734 -0.15039062 -0.111450195 0.076171875 0.20581055 -0.12451172 -0.5644531 -0.2680664 -0.1616211 -0.015625 -0.5395508 -0.4091797 0.13563919 0.5527344 -0.0703125 0.1640625 0.027832031 -0.0390625 0.06616211 0.060058594 0.6621094 0.030273438 0.30615234 -0.29125977 0.2734375 -0.2861328 0.3149414 0.06933594 0.001953125 -0.27539062 -0.22033691 -0.62402344 0.19732666 0.25732422 -0.06738281 -0.06640625 0.23071289 -0.5830078 -0.3701172 -0.031799316 -0.3486328 0.01953125 -0.58691406 -0.11505127 -0.21331787 0.008178711 0.0859375 -0.27929688 0.35205078 -0.17089844 -0.06933594 0.18395996 0.013916016 -0.11328125 0.5430908 0.07763672 0.57714844 -0.14990234 -0.18066406 0.5800781 -0.05517578 0.026672363 0.1953125 -0.0068359375 0.11029053 -0.022247314 0.27734375 0.01171875 -0.058410645 0.16748047 -0.13623047 -0.3187256 0.06738281 0.25146484 0.03515625 -0.032226562 0.08520508 -0.024414062 0.17883301 0.15307617 0.35375977 0.05859375 0.17871094 0.27868652 0.10449219 0.2944336 0.1977539 0.10290527 0.009033203 0.4091797 0.46435547 -0.022460938 0.13769531 -0.22216797 0.6352539 0.3857422 -0.13185883 -0.43017578 0.049804688 -0.07922363 0.17480469 -0.16174316 -0.16447449 0.14361572 -0.12963867 -0.27905273 0.14013672 -0.09863281 -0.42407227 0.07293701 -0.15893555 0.08251953 -0.13183594 0.12133789 0.025390625 -0.3244629 -0.05392456 0.3852539 -0.65722656 0.20471191 -0.28164673 0.0146484375 -0.1875 -0.36694336 0.030273438 -0.2932129 0.13232422 -0.47436523 -0.046875 0.037109375 0.17358398 0.052734375 -0.40795898 -0.22998047 -0.20166016 0.3544922 0.27001953 0.19042969 
-0.3959961 0.14492798 0.3779297 0.069488525 -0.3125 -0.421875 -0.6455078 -0.029296875 -0.080322266 0.2565918 0.08081055 -0.17626953 -0.3798828 0.5800781 -0.20800781 0.118774414 0.16156006 -0.3876953 -0.06762695 -0.1899414 0.20361328 0.47851562 0.12988281 -0.0043945312 -0.15625 -0.038085938 -0.028808594 0.41467285 0.2915039 0.52246094 0.07910156 0.107421875 0.23046875 -0.46875 -0.0126953125 -0.022460938 -0.083496094 0.4736328 -0.46191406 0.01171875 -0.545166 -0.44921875 -0.01953125 0.2890625 -0.09423828 -0.21728516 0.17663574 -0.25683594 -0.061523438 0.15014648 -0.38330078 0.08772278 0.26171875 -0.043945312 -0.22033691 0.028244019 -0.47070312 -0.12939453 0.073791504 0.1496582 -0.18530273 -0.2841797 -0.12133789 0.49072266 0.076171875 -0.9667969 0.30517578 0.31835938 0.33691406 -0.08996582 -0.18701172 -0.08404541 0.24609375 -0.43945312 -0.1875 0.36865234 0.36132812 0.25439453 0.06982422 -0.40039062 -0.02319336 -0.14782715 -0.17785645 -0.3232422 0.033935547 0.036132812 -0.48339844 0.30004883 -0.0029296875 0.0859375 -0.3154297 -0.1694336 0.19335938 -0.026611328 0.09472656 -0.111083984 0.21899414 0.34960938 0.1394043 -0.09448242 0.38720703 0.072265625 0.123046875 0.061706543 0.12530518 0.46191406 -0.016479492 0.056640625 -0.13427734 -0.17626953 0.12365723 -0.40429688 -0.4423828 -0.35717773 0.05432129 0.2734375 0.06713867 -0.47265625 0.23535156 -0.2993164 -0.014404297 0.03717041 -0.015136719 0.084472656 -0.1054306 0.057495117 -0.16796875 0.5957031 -0.09844971 0.051757812 0.32141113 -0.24124146 -0.1940918 -0.75683594 0.26416016 0.048339844 -0.0052490234 -0.30056 -0.18603516 0.447937 0.05859375 -0.30859375 0.334404 -0.40625 0.17956543 -0.1418457 0.33691406 0.37329102 0.25732422 0.17089844 0.08691406 -0.36816406 -0.09831238 0.153656 -0.32580566 0.4794922 0.4296875 0.0078125 -0.083984375 -0.13128662 -0.16357422 0.42089844 0.4741211 -0.20507812 -0.16430664 -0.12695312 0.1305542 -0.29345703 -0.5419922 -0.44677734 -0.22167969 0.38623047 -0.4169922 -0.2623291 0.06298828 0.43652344 -0.35986328 0.11328125 0.08898926 -0.23498535 0.22314453 -0.16064453 0.47802734 -0.15045166 0.10595703 -0.1940918 0.375 -0.15966797 0.18048096 0.084472656 0.020507812 -0.08886719 -0.10266113 -0.36035156 0.03338623 -0.06591797 -0.10546875 0.044433594 -0.059539795 -0.24267578 -0.21594238 -0.059631348 -0.28027344 0.19482422 -0.41748047 -0.019958496 -0.16503906 -0.044311523 0.0546875 0.14160156 0.5371094 -0.07080078 0.16052246 0.19372559 -0.15185547 0.10839844 0.5332031 -0.028808594 0.037109375 -0.011230469 -0.32373047 0.31103516 -0.19482422 0.20025635 0.18310547 0.07861328 0.034179688 0.03768921 0.03857422 -0.43652344 0.19110107 0.04736328 -0.16601562 -0.3491211 0.11230469 -0.00390625 0.0068359375 0.037109375 0.10144043 0.0087890625 0.10510254 0.5449219 0.35595703 0.06542969 -0.3955078 0.13513184 0.0068359375 0.6660156 -0.026855469 -0.18273926 0.2084961 0.296875 0.5734253 0.15917969 0.3671875 -0.07080078 0.3828125 0.23535156 -0.23242188 -0.01953125 0.1541748 0.09472656 0.35253906 -0.23535156 -0.05419922 0.21826172 -0.5751953 -0.027160645 0.01171875 -0.10058594 -0.44958496 -0.035217285 0.16381836 0.008300781 -0.027038574 -0.0859375 0.1348877 -0.49316406 -0.26416016 0.41992188 -0.4248047 0.02734375 -0.1977539 0.31982422 -0.08746338 -0.25097656 -0.01171875 -0.09863281 -0.041015625 -0.4663086 -0.07763672 0.15283203 0.011230469 -0.2998047 -0.5292969 -0.16125488 -0.31152344 0.2841797 0.33398438 0.71875 
-0.33935547 0.15078735 0.10986328 0.00091552734 -0.35839844 -0.31347656 -0.39257812 0.26464844 -0.06347656 0.091796875 0.20166016 -0.19406128 -0.107421875 0.2607422 -0.11035156 0.1977539 0.17043304 -0.11767578 -0.10864258 -0.0068359375 0.041992188 0.3232422 0.2680664 0.3305664 -0.10394287 -0.27001953 -0.2265625 0.413208 0.13964844 0.37646484 0.22814941 -0.029296875 0.2397461 -0.21691895 0.018554688 -0.04345703 -0.12158203 0.4873047 -0.32885742 -0.1484375 -0.55615234 -0.27392578 -0.076171875 -0.033203125 0.06933594 -0.020019531 -0.029296875 -0.27539062 0.01171875 0.21289062 -0.5234375 0.22851562 0.27124023 0.21142578 -0.09423828 0.2475586 -0.39648438 -0.33154297 0.057365417 0.20947266 -0.55859375 -0.043945312 -0.13427734 0.31835938 0.044921875 -0.6855469 0.0546875 0.23632812 0.17871094 0.11767578 0.060058594 -0.24420166 0.24023438 -0.4140625 -0.578125 0.28857422 0.42578125 0.08013916 0.18383789 -0.5078125 -0.22973633 -0.14053679 -0.23583984 -0.14941406 0.11767578 0.22558594 -0.5488281 0.5109863 -0.11791992 0.032432556 -0.25195312 0.2055664 0.034179688 -0.36376953 -0.044677734 -0.063964844 0.13012695 0.18847656 0.14233398 -0.012207031 0.24084473 0.14550781 0.30932617 -0.14874268 0.21905518 0.08203125 0.079956055 0.3972168 -0.35888672 -0.21923828 -0.0068359375 -0.19665527 -0.46972656 -0.44628906 0.08886719 0.12695312 0.080322266 -0.5673828 -0.026367188 -0.123535156 -0.091796875 0.026000977 -0.2006836 0.045898438 0.13871002 -0.06896973 -0.044433594 0.8339844 -0.18408203 -0.06640625 0.39916992 -0.12207031 -0.10131836 -0.66015625 -0.1303711 -0.10107422 -0.029174805 -0.14160156 -0.1550293 -0.020324707 0.25976562 -0.041992188 0.38916016 -0.11425781 0.10205078 -0.119140625 0.18029785 0.14770508 0.19189453 -0.051757812 0.13720703 -0.42871094 -0.34098816 -0.060546875 -0.421875 0.33599854 0.35253906 0.025634766 -0.36035156 -0.16967773 -0.2109375 0.5175781 0.13085938 -0.2763672 -0.22509766 0.15185547 0.4013672 -0.036132812 -0.51464844 -0.2602539 -0.2662964 0.28271484 -0.42919922 -0.40234375 0.23535156 0.48828125 -0.14160156 0.026611328 -0.11279297 -0.26367188 -0.036621094 -0.057128906 0.6347656 -0.11035156 0.2614746 -0.24291992 0.18164062 -0.24633789 0.09765625 0.064453125 0.013671875 -0.123046875 -0.4058838 -0.46826172 -0.008850098 0.111572266 -0.122558594 -0.020507812 0.13696289 -0.47998047 -0.30078125 0.04711914 -0.21533203 0.18066406 -0.57910156 0.06414795 -0.29736328 -0.06958008 0.17919922 -0.22607422 0.2998047 -0.13964844 0.14990234 0.0501709 -0.092285156 -0.08300781 0.6660156 -0.14477539 0.26464844 -0.10180664 -0.28271484 0.28735352 -0.2709961 0.07720947 0.12207031 0.14501953 0.08520508 0.09701538 0.04724121 -0.24511719 0.16375732 -0.2915039 -0.20996094 -0.38085938 0.21289062 0.16870117 -0.12677002 -0.080444336 -0.18066406 -0.056640625 0.2208252 0.3486328 0.38671875 -0.013671875 0.06933594 0.030151367 0.20874023 0.61035156 0.16455078 0.30847168 -0.05517578 0.4423828 0.56726074 -0.0009765625 0.2866211 -0.06518555 0.6491699 0.21826172 -0.2783203 -0.27294922 0.19122314 0.057128906 0.21777344 -0.31347656 -0.2084961 0.19580078 -0.20874023 -0.13793945 0.12841797 -0.15917969 -0.30078125 0.11883545 -0.14331055 -0.103027344 0.03125 0.1105957 0.06298828 -0.29907227 -0.16796875 0.107421875 -0.48339844 0.28808594 -0.3076172 0.009277344 -0.21582031 -0.6171875 0.09765625 -0.4013672 0.19433594 -0.7949219 0.0 -0.22216797 0.11932373 -0.11981201 -0.3722992 -0.22216797 -0.29785156 0.32714844 0.22918701 0.36816406 
-0.18359375 0.21524048 0.07086182 -0.071624756 -0.06982422 -0.16662598 -0.43847656 0.23339844 -0.09423828 0.12890625 0.058441162 -0.26367188 -0.19140625 0.5058594 -0.24121094 0.35888672 0.14868164 -0.3720703 -0.10131836 0.26416016 0.056884766 0.12634277 0.29052734 0.21875 -0.21923828 -0.20166016 0.072509766 0.42407227 0.29052734 0.30859375 0.01171875 0.19763184 0.0234375 -0.47851562 0.0029296875 -0.13122559 0.16210938 0.44726562 -0.60546875 -0.24780273 -0.5152588 -0.1640625 -0.43359375 -0.029296875 0.057373047 0.17333984 0.020874023 -0.37890625 -0.16870117 0.1574707 -0.6621094 0.10040283 0.36816406 0.1274414 -0.02734375 0.42236328 -0.5800781 -0.25732422 0.055404663 0.14526367 -0.36914062 -0.15722656 -0.2109375 0.3988037 0.20703125 -0.5390625 -0.029296875 0.2890625 0.123046875 -0.12939453 -0.048828125 -0.26275635 0.18652344 -0.31713867 -0.6113281 0.37597656 0.33398438 -0.033691406 0.11254883 -0.31530762 -0.07348633 -0.26220703 -0.21850586 -0.23291016 0.1274414 0.1496582 -0.49316406 0.40356445 0.13671875 0.18017578 -0.080566406 -0.084472656 0.13769531 -0.13964844 -0.106933594 0.12011719 -0.3232422 0.4560547 0.28393555 -0.12084961 0.2952881 0.051757812 0.068359375 -0.11260986 0.07940674 0.13476562 -0.20153809 0.4383545 -0.025878906 -0.39453125 0.52441406 -0.31347656 -0.39990234 -0.5644531 0.023925781 0.34570312 0.095458984 -0.18847656 0.20507812 0.0126953125 -0.020751953 0.055603027 -0.13574219 0.016601562 0.010292053 -0.1607666 -0.26708984 0.53125 0.0126953125 -0.038085938 0.42041016 -0.2411499 -0.087646484 -0.4572754 -0.079833984 0.09716797 -0.025512695 -0.049804688 -0.12927246 0.2662964 0.328125 -0.4765625 0.35180664 -0.13769531 0.087402344 -0.29785156 0.18658447 0.3557129 -0.04296875 0.18798828 0.25317383 -0.25830078 0.024490356 -0.001953125 -0.22021484 0.56933594 0.6035156 -0.07055664 -0.31591797 -0.21191406 -0.18115234 0.6850586 -0.015136719 -0.32739258 -0.13348389 0.21411133 0.3642578 -0.15039062 -0.671875 -0.18115234 -0.44628906 -0.13427734 -0.6040039 -0.4609375 0.05029297 0.4658203 -0.103515625 -0.20996094 -0.14794922 -0.27868652 0.19580078 -0.091552734 0.55371094 -0.05078125 0.32714844 -0.5449219 0.12841797 -0.41503906 0.06933594 -0.0390625 0.061523438 -0.07714844 -0.25061035 -0.4814453 0.31744385 0.12524414 -0.103515625 -0.18261719 0.052978516 -0.51660156 -0.21142578 -0.0107421875 -0.21582031 0.10571289 -0.66308594 0.017608643 -0.40527344 0.035888672 0.100097656 -0.1459961 0.55078125 -0.08154297 0.024414062 -0.034362793 -0.05419922 0.21386719 0.69433594 0.02734375 0.34277344 -0.23632812 -0.25732422 0.30517578 -0.22851562 -0.07904053 -0.0625 -0.18066406 0.12739563 0.044525146 0.28027344 -0.29492188 -0.3098755 -0.005859375 -0.2319336 -0.29515076 0.03930664 0.15217972 -0.26660156 0.123046875 0.18847656 -0.1352539 0.32824707 0.3227539 0.5029297 0.03515625 -0.18286133 -0.22521973 0.16210938 0.3665161 0.17480469 0.005859375 -0.114746094 0.47265625 0.6274414 -0.17382812 0.14379883 -0.0234375 0.4453125 0.2211914 -0.29003906 -0.42041016 0.14697266 -0.13623047 0.5 -0.14770508 -0.072753906 0.23779297 -0.17437744 -0.23510742 0.16552734 -0.08544922 -0.23925781 -0.05206299 -0.25610352 0.04736328 -0.0024414062 0.07421875 0.12841797 -0.3215332 -0.09277344 0.20727539 -0.39160156 0.14697266 -0.5107422 0.117614746 -0.115478516 -0.4560547 -0.25390625 -0.27612305 0.20534134 -0.5830078 -0.12719727 -0.15771484 0.023925781 -0.12911987 -0.35839844 -0.111450195 -0.19873047 0.39160156 0.20410156 0.42382812 
-0.12512207 0.038970947 0.052734375 -0.021514893 -0.4248047 -0.15966797 -0.4169922 0.28808594 -0.10986328 0.29248047 0.111083984 -0.11328125 -0.0625 0.5058594 -0.123046875 0.07141113 0.3017578 -0.020507812 -0.27783203 0.234375 -0.011230469 0.23144531 0.14111328 0.11682129 -0.296875 -0.15222168 -0.049804688 0.34179688 0.38085938 0.55908203 0.22705078 0.19726562 0.06933594 -0.19223022 -0.04638672 -0.13183594 -0.0473938 0.40429688 -0.4321289 -0.58203125 -0.30078125 -0.11621094 -0.118774414 0.16040039 -0.17871094 0.016113281 0.11804199 -0.3025818 -0.09814453 0.41308594 -0.41503906 0.4638672 0.38085938 -0.072509766 -0.09716797 0.2290039 -0.11645508 -0.18310547 0.19555664 0.18896484 -0.28637695 -0.017578125 0.06640625 -0.013671875 0.20410156 -0.59277344 0.068359375 0.33984375 0.40454102 -0.08544922 -0.16992188 -0.42877197 0.055908203 -0.24060059 -0.5517578 0.27990723 0.24176025 0.0 0.1184082 -0.4033203 -0.10961914 -0.25683594 -0.23095703 -0.11697388 0.07763672 0.31103516 -0.5214844 0.5402832 0.12695312 0.2758789 -0.24121094 0.030761719 0.18139648 -0.06736755 -0.12036133 -0.0146484375 -0.052734375 0.375 0.34057617 -0.2626953 0.125 0.17675781 0.3725586 -0.0803833 0.024230957 0.10253906 -0.09069824 0.44677734 -0.20654297 -0.2763672 0.08129883 -0.056640625 -0.47558594 -0.4638672 0.0657959 0.28125 0.03173828 -0.31774902 0.44628906 -0.3779297 0.20361328 0.28564453 0.099121094 0.28125 0.26566315 -0.22033691 -0.23876953 0.44506836 0.11328125 -0.23388672 0.36071777 -0.13671875 0.08666992 -0.5888672 -0.11743164 0.092285156 0.20397949 -0.13574219 -0.12658691 0.10760498 0.390625 -0.12158203 0.40283203 -0.35742188 0.041992188 -0.21386719 0.49609375 0.14477539 0.33361816 0.032226562 0.32373047 -0.26611328 0.08869934 -0.16894531 -0.35766602 0.13769531 0.1430664 -0.07446289 -0.119140625 -0.1706543 -0.140625 0.55615234 0.15234375 -0.13769531 -0.0107421875 0.2109375 0.20019531 -0.0009765625 -0.42407227 -0.12036133 -0.0234375 0.2993164 -0.4416504 -0.38964844 0.095947266 0.24637604 -0.32763672 0.18066406 -0.25341797 -0.1821289 0.106873274 0.017578125 0.71484375 -0.1940918 0.14794922 -0.3642578 0.16357422 -0.33398438 0.24243164 0.10131836 -0.12854004 -0.22460938 -0.26916504 -0.6582031 0.108947754 0.28076172 -0.29370117 -0.17675781 0.22290039 -0.640625 -0.2849121 0.21948242 -0.08203125 0.21435547 -0.4588623 -0.047180176 -0.18103027 0.087890625 0.25061035 -0.22802734 0.5410156 0.064453125 0.12866211 0.28649902 0.06262207 -0.11230469 0.60058594 0.08642578 0.27148438 -0.10546875 -0.21289062 0.064453125 0.005859375 0.06304932 -0.016601562 0.07763672 0.12169647 -0.2081604 0.27148438 0.06542969 0.036315918 0.057128906 -0.31689453 -0.4140625 -0.16796875 0.09667969 -0.21435547 -0.05126953 0.1307106 -0.14233398 -0.010131836 -0.064453125 0.5605469 0.12939453 -0.07714844 0.047729492 0.3486328 0.6279297 -0.11376953 -0.041625977 -0.103027344 0.37597656 0.5773926 -0.19580078 -0.009765625 0.07324219 0.42871094 0.005859375 -0.15026855 -0.44580078 0.16357422 -0.080078125 0.11254883 -0.16967773 -0.068359375 0.084228516 -0.060546875 0.103759766 -0.09289551 0.001953125 -0.5703125 -0.047668457 -0.16772461 -0.3383789 -0.15917969 0.17138672 -0.072265625 -0.5839844 -0.22314453 0.05859375 -0.4267578 0.41796875 -0.24560547 0.24072266 -0.18603516 -0.22070312 -0.06347656 -0.4892578 0.3798828 -0.60058594 -0.38183594 0.045410156 -0.017578125 0.16992188 -0.3968506 -0.2763672 -0.32617188 0.30859375 0.23681259 0.546875 
 
-0.12414551 0.073150635 0.1899414 0.047027588 -0.1977539 -0.18060303 -0.4326172 0.09375 -0.028869629 0.26391602 0.09289551 -0.32470703 -0.11230469 0.65722656 -0.3623047 0.29345703 0.30566406 -0.12597656 -0.18701172 -0.110839844 -0.027832031 0.22705078 0.27416992 0.08911133 0.03515625 -0.39453125 -0.22265625 0.5908203 0.27734375 0.38330078 -0.021484375 0.26757812 0.13476562 -0.52734375 -0.1105957 -0.1829834 0.060546875 0.4794922 -0.6230469 -0.07910156 -0.52001953 -0.3005371 -0.25585938 0.18408203 -0.047851562 0.06640625 -0.08166504 -0.39111328 0.01953125 -0.036132812 -0.42529297 0.15039062 0.54589844 -0.07519531 -0.1697998 0.2553711 -0.39648438 -0.15771484 0.31274414 0.056396484 -0.48339844 -0.17675781 -0.15332031 0.36572266 0.25231934 -0.54589844 0.12158203 0.09320068 0.26660156 -0.014160156 0.092285156 -0.30181885 0.08654785 -0.31982422 -0.46240234 0.26678467 0.33251953 0.017333984 0.13012695 -0.47753906 -0.16040039 -0.20214844 -0.35742188 -0.13549805 0.044677734 0.34716797 -0.65625 0.48950195 -0.09399414 0.28076172 0.045898438 -0.05810547 0.11425781 -0.18261719 -0.095336914 -0.2709961 -0.16699219 0.36621094 0.15795898 -0.087402344 0.34033203 0.21069336 0.25073242 0.031677246 0.17901611 0.26391602 0.123168945 0.46899414 -0.29345703 -0.12988281 0.23339844 -0.2919922 -0.4951172 -0.484375 -0.008056641 0.19213867 -0.00048828125 -0.4453125 0.11767578 -0.057617188 0.01953125 0.25830078 0.029785156 -0.056640625 0.06034088 -0.14221191 -0.1373291 0.6816406 0.05078125 0.038085938 0.52246094 -0.07128906 -0.012939453 -0.7890625 -0.13867188 -0.05517578 -0.037719727 -0.029296875 -0.098968506 0.21063232 0.32714844 -0.036132812 0.4194336 -0.37719727 -0.07519531 -0.38867188 0.19760132 0.3869629 0.044921875 0.12658691 0.33740234 -0.4794922 -0.14958191 -0.047851562 -0.3317871 0.5527344 0.2341919 -0.013366699 -0.0546875 -0.12930298 -0.16064453 0.49316406 0.20458984 -0.39160156 -0.31884766 0.034179688 0.31835938 0.07519531 -0.65234375 -0.38623047 -0.33374023 0.11853027 -0.6923828 -0.40722656 0.12335205 0.45214844 -0.16992188 -0.080078125 -0.11376953 -0.09863281 -0.0009765625 -0.055786133 0.53222656 0.038085938 0.25878906 -0.17822266 0.20996094 -0.45996094 0.18231201 -0.03125 -0.02734375 -0.083984375 -0.2672119 -0.5605469 -0.019226074 0.07421875 0.0068359375 -0.020019531 0.12133789 -0.45166016 -0.21240234 0.029052734 -0.33203125 0.1640625 -0.875 0.024475098 -0.2836914 -0.099609375 0.11279297 -0.1027832 0.4873047 -0.15917969 0.28320312 0.03137207 0.020507812 -0.005004883 0.609375 -0.021972656 0.37280273 -0.13574219 -0.20214844 0.3876953 -0.11065674 0.078186035 -0.140625 0.045410156 0.09057617 0.11361694 0.05029297 -0.24560547 0.0836792 0.10888672 -0.31689453 -0.31188965 0.20214844 0.19165039 -0.15698242 -0.067871094 -0.07910156 -0.28466797 0.2989502 0.22198486 0.35546875 0.14477539 0.0126953125 0.022094727 0.13476562 0.44628906 0.51220703 0.26843262 0.060913086 0.4482422 0.66259766 0.12597656 0.18859863 -0.12294006 0.57788086 0.39941406 -0.12438965 -0.35986328 0.21240234 -0.036743164 0.32421875 -0.44433594 -0.111328125 0.17651367 -0.04248047 -0.18334961 0.119628906 -0.0546875 -0.19140625 -0.049621582 -0.16479492 -0.18798828 -0.2890625 0.07128906 0.060546875 -0.34570312 -0.13867188 0.45507812 -0.57128906 0.22836304 -0.5078125 0.047851562 -0.16796875 -0.4267578 -0.099487305 -0.40722656 0.3779297 -0.46777344 -0.1159668 -0.032592773 -0.020507812 0.07324219 -0.21386719 -0.21972656 -0.29296875 0.38671875 0.24246216 0.34594727 
-0.23876953 -0.066986084 0.19873047 0.11050415 -0.24121094 -0.3310547 -0.4501953 0.25976562 -0.068603516 0.08642578 0.040771484 -0.19843292 0.005859375 0.50341797 -0.22753906 -0.001953125 0.06298828 -0.27294922 -0.29052734 0.030761719 -0.05517578 0.19677734 0.09375 -0.029785156 -0.01953125 -0.32421875 0.02734375 0.4753418 0.061523438 0.4631958 -0.0703125 0.10449219 0.12646484 -0.54296875 -0.092285156 -0.07763672 -0.072753906 0.5029297 -0.5292969 -0.19433594 -0.6298828 -0.31689453 -0.021972656 0.16186523 0.019836426 0.15771484 -0.016822815 -0.28295898 -0.17132568 0.19873047 -0.65625 0.08627319 0.4091797 0.09423828 -0.2788086 0.21923828 -0.2084961 -0.1850586 0.08227539 0.21044922 -0.30273438 -0.1171875 -0.25097656 0.39404297 0.15039062 -0.671875 0.0390625 0.1105957 0.30859375 -0.22216797 -0.009765625 -0.28814697 0.19140625 -0.25610352 -0.5048828 0.30200195 0.44433594 0.044189453 0.15698242 -0.40185547 -0.17407227 -0.0029296875 -0.3095703 -0.114471436 0.13134766 0.055908203 -0.5917969 0.40356445 0.060546875 0.18896484 -0.17456055 -0.05126953 0.23649597 -0.09338379 -0.084350586 -0.21044922 0.038085938 0.083984375 -0.021240234 -0.15527344 0.28588867 0.033203125 0.10546875 -0.1585083 0.042785645 0.22729492 0.07287598 0.4716797 -0.18066406 -0.20446777 0.15600586 -0.2998047 -0.51171875 -0.47265625 0.11303711 0.41503906 0.18188477 -0.14453125 0.16052246 -0.0234375 0.04736328 -0.03564453 0.13427734 0.028320312 0.035438538 -0.25354004 -0.19628906 0.53808594 0.09375 0.13867188 0.47753906 -0.15820312 -0.12670898 -0.5727539 -0.075927734 -0.026245117 0.026496887 -0.12402344 -0.15136719 0.23699951 0.31347656 -0.20349121 0.37963867 -0.2631836 0.15039062 -0.27783203 0.27246094 0.12866211 0.22216797 0.07897949 0.41503906 -0.52246094 -0.35075378 -0.076171875 -0.23144531 0.56347656 0.4111328 -0.036132812 -0.30810547 -0.12225342 -0.20214844 0.59124756 0.30419922 -0.22021484 -0.2290039 0.071777344 0.064453125 0.001953125 -0.69921875 -0.24365234 -0.4038086 -0.0009765625 -0.7363281 -0.5332031 0.17407227 0.56640625 -0.07324219 -0.13085938 -0.08154297 -0.1899414 0.17333984 -0.17626953 0.5175781 0.09277344 0.21210098 -0.31835938 0.30859375 -0.25683594 0.19709778 0.07910156 0.099609375 -0.16503906 -0.26037598 -0.39660645 -0.032409668 0.13476562 -0.08203125 0.06982422 -0.03466797 -0.49121094 -0.3095703 0.15112305 -0.36523438 0.16503906 -0.6142578 0.09979248 -0.3984375 -0.06591797 0.27075195 -0.17919922 0.32714844 -0.25195312 0.21777344 0.1361084 -0.09423828 -0.00036621094 0.5576172 -0.07543945 0.40454102 -0.4404297 -0.20214844 0.36621094 -0.13067627 0.02911377 0.14648438 0.06591797 -0.09326172 0.037200928 0.17333984 -0.12890625 -0.10284424 0.013671875 -0.26416016 -0.4375 0.060058594 0.087890625 -0.06665039 -0.061523438 0.30078125 -0.119628906 0.1661377 0.3955078 0.46679688 0.13476562 -0.07128906 0.07458496 0.32470703 0.31347656 0.16796875 0.16784668 0.13232422 0.48632812 0.6274414 -0.15011597 0.17584229 0.013671875 0.5673828 0.27148438 -0.3154297 -0.3383789 0.3388672 -0.0871582 0.31640625 -0.16394043 -0.1517334 0.033691406 -0.13757324 -0.13305664 -0.095825195 -0.17515564 -0.58984375 -0.09503174 -0.12670898 -0.31689453 0.0073242188 0.05517578 -0.0068359375 -0.3701172 -0.26708984 0.25445557 -0.3232422 0.099121094 -0.4658203 0.101379395 -0.140625 -0.4272461 -0.11022949 -0.20239258 -0.0087890625 -0.6269531 -0.14135742 -0.06640625 0.10827637 -0.009765625 -0.38391113 -0.015136719 -0.31835938 0.24169922 0.31396484 0.36621094 
-0.018066406 0.00024414062 0.19482422 0.20620728 0.045898438 -0.20709229 -0.25317383 0.37939453 -0.0031738281 0.31884766 0.06739044 -0.49121094 -0.22784424 0.23730469 -0.115234375 0.17919922 0.27294922 -0.15942383 0.09716797 0.017578125 0.0637207 0.40429688 0.5644531 0.02734375 -0.16601562 -0.17507935 -0.11328125 0.3076172 0.26586914 0.44909668 0.3149414 0.34179688 0.15966797 -0.23486328 -0.08276367 -0.03564453 0.083984375 0.35546875 -0.354187 -0.1328125 -0.29101562 -0.41455078 0.19140625 0.22485352 0.12988281 0.18408203 -0.037597656 -0.35058594 -0.1184082 0.16455078 -0.20410156 0.27441406 0.26293945 -0.10949707 -0.24829102 0.12841797 -0.14282227 0.053955078 0.08605957 -0.033691406 -0.109375 0.18017578 -0.20117188 0.4175415 0.33398438 -0.44311523 0.00390625 0.2998047 0.33007812 -0.03967285 0.044433594 -0.021728516 0.15795898 -0.21704102 -0.9042969 0.080078125 0.3779297 0.060272217 0.28637695 -0.08300781 -0.008666992 -0.2578125 0.026367188 -0.1616211 -0.1850586 0.01171875 -0.3786621 0.3215332 -0.151474 0.095703125 -0.27441406 0.25439453 0.16699219 -0.035888672 -0.33496094 -0.14025879 0.28710938 0.28027344 -0.08276367 -0.30371094 0.03515625 0.1875 0.3515625 0.022888184 -0.12225342 0.37597656 -0.0970459 0.42333984 -0.033447266 -0.48632812 -0.17089844 -0.32421875 -0.28833008 -0.20410156 0.18969727 -0.032226562 -0.0925293 -0.5371094 0.3955078 -0.39746094 -0.040527344 -0.06201172 -0.10290527 0.42285156 -0.0976181 -0.03527832 -0.22167969 0.42822266 -0.08959961 -0.09033203 -0.021484375 -0.4814453 -0.32299805 -0.55566406 -0.23876953 -0.1821289 -0.033325195 -0.08496094 -0.005859375 0.19403076 0.095581055 -0.14477539 0.40625 -0.41259766 0.25878906 -0.061523438 -0.052734375 -0.16479492 0.26489258 0.086120605 0.40527344 -0.041992188 -0.33512878 0.21435547 -0.3302002 0.48535156 0.22961426 -0.072509766 -0.41308594 -0.05126953 -0.17382812 0.56591797 0.00048828125 0.029296875 -0.14465332 -0.059570312 0.24316406 -0.13085938 -0.23144531 -0.15039062 -0.4921875 0.28076172 -0.5227051 -0.40039062 0.0234375 0.3005371 -0.078125 -0.076171875 0.17871094 -0.26757812 0.037597656 0.1303711 0.50390625 -0.040039062 0.24194336 -0.19335938 -0.18945312 -0.13183594 0.26464844 0.10229492 -0.16308594 0.22558594 -0.024902344 -0.43701172 0.11920166 0.16503906 -0.3334961 -0.08679199 -0.1472168 -0.5644531 -0.3779297 0.076416016 -0.10253906 0.19921875 -0.42492676 0.05682373 -0.38378906 -0.079589844 0.29589844 -0.020019531 0.33154297 0.033935547 0.022460938 -0.0107421875 -0.16357422 -0.1640625 0.78125 -0.051513672 0.34765625 -0.13623047 -0.30615234 0.26635742 -0.15161133 0.032043457 0.2919922 -0.41455078 0.28857422 -0.065582275 -0.080078125 -0.25341797 0.038513184 -0.10180664 -0.08190918 -0.30822754 0.10546875 0.21972656 -0.30664062 0.053710938 0.25097656 -0.30566406 0.014862061 0.3232422 0.42626953 0.12548828 -0.31445312 -0.1138916 0.14160156 0.50878906 0.020019531 0.06750488 0.24658203 0.13867188 0.49975586 0.0068359375 0.20605469 -0.10888672 0.6126404 -0.029296875 -0.30566406 -0.36767578 0.14550781 -0.16894531 0.21679688 -0.24584961 -0.06982422 0.31347656 -0.119140625 0.036865234 -0.21240234 -0.044921875 -0.48339844 0.16766357 0.21166992 0.36083984 -0.096191406 0.087402344 0.076171875 -0.5253906 -0.13330078 0.23486328 -0.06738281 0.22440338 -0.22924805 0.2836914 0.03955078 -0.29614258 -0.19335938 -0.5253906 -0.021484375 -0.33007812 -0.30273438 0.10595703 -0.17871094 -0.2133789 -0.45751953 -0.25341797 -0.13964844 0.16607666 0.2800293 0.18164062 
-0.18359375 0.21524048 0.07086182 -0.071624756 -0.06982422 -0.16662598 -0.43847656 0.23339844 -0.09423828 0.12890625 0.058441162 -0.26367188 -0.19140625 0.5058594 -0.24121094 0.35888672 0.14868164 -0.3720703 -0.10131836 0.26416016 0.056884766 0.12634277 0.29052734 0.21875 -0.21923828 -0.20166016 0.072509766 0.42407227 0.29052734 0.30859375 0.01171875 0.19763184 0.0234375 -0.47851562 0.0029296875 -0.13122559 0.16210938 0.44726562 -0.60546875 -0.24780273 -0.5152588 -0.1640625 -0.43359375 -0.029296875 0.057373047 0.17333984 0.020874023 -0.37890625 -0.16870117 0.1574707 -0.6621094 0.10040283 0.36816406 0.1274414 -0.02734375 0.42236328 -0.5800781 -0.25732422 0.055404663 0.14526367 -0.36914062 -0.15722656 -0.2109375 0.3988037 0.20703125 -0.5390625 -0.029296875 0.2890625 0.123046875 -0.12939453 -0.048828125 -0.26275635 0.18652344 -0.31713867 -0.6113281 0.37597656 0.33398438 -0.033691406 0.11254883 -0.31530762 -0.07348633 -0.26220703 -0.21850586 -0.23291016 0.1274414 0.1496582 -0.49316406 0.40356445 0.13671875 0.18017578 -0.080566406 -0.084472656 0.13769531 -0.13964844 -0.106933594 0.12011719 -0.3232422 0.4560547 0.28393555 -0.12084961 0.2952881 0.051757812 0.068359375 -0.11260986 0.07940674 0.13476562 -0.20153809 0.4383545 -0.025878906 -0.39453125 0.52441406 -0.31347656 -0.39990234 -0.5644531 0.023925781 0.34570312 0.095458984 -0.18847656 0.20507812 0.0126953125 -0.020751953 0.055603027 -0.13574219 0.016601562 0.010292053 -0.1607666 -0.26708984 0.53125 0.0126953125 -0.038085938 0.42041016 -0.2411499 -0.087646484 -0.4572754 -0.079833984 0.09716797 -0.025512695 -0.049804688 -0.12927246 0.2662964 0.328125 -0.4765625 0.35180664 -0.13769531 0.087402344 -0.29785156 0.18658447 0.3557129 -0.04296875 0.18798828 0.25317383 -0.25830078 0.024490356 -0.001953125 -0.22021484 0.56933594 0.6035156 -0.07055664 -0.31591797 -0.21191406 -0.18115234 0.6850586 -0.015136719 -0.32739258 -0.13348389 0.21411133 0.3642578 -0.15039062 -0.671875 -0.18115234 -0.44628906 -0.13427734 -0.6040039 -0.4609375 0.05029297 0.4658203 -0.103515625 -0.20996094 -0.14794922 -0.27868652 0.19580078 -0.091552734 0.55371094 -0.05078125 0.32714844 -0.5449219 0.12841797 -0.41503906 0.06933594 -0.0390625 0.061523438 -0.07714844 -0.25061035 -0.4814453 0.31744385 0.12524414 -0.103515625 -0.18261719 0.052978516 -0.51660156 -0.21142578 -0.0107421875 -0.21582031 0.10571289 -0.66308594 0.017608643 -0.40527344 0.035888672 0.100097656 -0.1459961 0.55078125 -0.08154297 0.024414062 -0.034362793 -0.05419922 0.21386719 0.69433594 0.02734375 0.34277344 -0.23632812 -0.25732422 0.30517578 -0.22851562 -0.07904053 -0.0625 -0.18066406 0.12739563 0.044525146 0.28027344 -0.29492188 -0.3098755 -0.005859375 -0.2319336 -0.29515076 0.03930664 0.15217972 -0.26660156 0.123046875 0.18847656 -0.1352539 0.32824707 0.3227539 0.5029297 0.03515625 -0.18286133 -0.22521973 0.16210938 0.3665161 0.17480469 0.005859375 -0.114746094 0.47265625 0.6274414 -0.17382812 0.14379883 -0.0234375 0.4453125 0.2211914 -0.29003906 -0.42041016 0.14697266 -0.13623047 0.5 -0.14770508 -0.072753906 0.23779297 -0.17437744 -0.23510742 0.16552734 -0.08544922 -0.23925781 -0.05206299 -0.25610352 0.04736328 -0.0024414062 0.07421875 0.12841797 -0.3215332 -0.09277344 0.20727539 -0.39160156 0.14697266 -0.5107422 0.117614746 -0.115478516 -0.4560547 -0.25390625 -0.27612305 0.20534134 -0.5830078 -0.12719727 -0.15771484 0.023925781 -0.12911987 -0.35839844 -0.111450195 -0.19873047 0.39160156 0.20410156 0.42382812 
-0.1083374 0.07266235 0.22167969 0.0987854 -0.24023438 -0.10546875 -0.5673828 0.39453125 -0.13867188 0.19189453 0.045288086 -0.17370605 -0.18920898 0.56103516 -0.2919922 0.36279297 0.16729736 -0.114746094 -0.26123047 -0.10986328 0.059814453 0.28515625 0.29492188 -0.012207031 -0.24804688 -0.103027344 -0.23828125 0.4975586 0.23583984 0.2939453 -0.02734375 0.24902344 0.16918945 -0.51171875 -0.21191406 -0.10595703 0.019042969 0.4423828 -0.5283203 -0.23583984 -0.42236328 -0.41918945 -0.21191406 0.1586914 -0.24609375 0.047851562 -0.27453613 -0.41210938 -0.28808594 0.13543701 -0.47851562 0.10974121 0.49902344 -0.03466797 -0.28857422 0.21533203 -0.51953125 -0.20751953 0.045959473 0.07128906 -0.39453125 0.041992188 -0.001953125 0.16015625 0.17480469 -0.6357422 0.22167969 0.31347656 0.32739258 -0.1328125 0.2211914 -0.2822876 0.10836792 -0.41503906 -0.5839844 0.30200195 0.2824707 0.030517578 0.060180664 -0.2868042 -0.0715332 -0.3984375 -0.17608643 -0.12284088 0.2055664 0.22265625 -0.70703125 0.3684082 -0.12585449 0.083740234 -0.17102051 -0.0063476562 0.19726562 -0.33251953 -0.15283203 -0.016601562 -0.14550781 0.3720703 0.21362305 -0.23486328 0.15625 0.14160156 -0.03125 -0.12237549 -0.019134521 0.33447266 -0.1361084 0.23242188 -0.22021484 -0.18652344 0.19140625 -0.27514648 -0.20996094 -0.58203125 -0.09448242 0.21362305 0.06762695 -0.4189453 0.18670654 -0.1303711 -0.020385742 0.2368164 -0.038330078 -0.15429688 -0.07613373 0.047607422 -0.115242004 0.69921875 -0.06274414 -0.17626953 0.65234375 -0.23135376 0.064697266 -0.58740234 -0.036254883 0.11767578 0.11022949 -0.091796875 -0.037597656 0.4537964 0.17700195 -0.28515625 0.25048828 -0.45703125 0.0 -0.4140625 0.23461914 0.37329102 0.2055664 0.10316467 0.33007812 -0.22039795 -0.11003113 -0.24316406 -0.52734375 0.2319336 0.31640625 0.033935547 0.034179688 -0.128479 -0.19335938 0.5578613 0.22216797 -0.4765625 -0.09082031 0.11621094 0.18725586 -0.11279297 -0.54296875 -0.21142578 -0.22851562 0.16259766 -0.51123047 -0.5097656 0.10620117 0.6015625 -0.09375 -0.16503906 -0.05810547 0.033203125 0.29833984 -0.0859375 0.36206055 -0.09863281 0.2614746 -0.35058594 0.32421875 -0.39257812 0.14111328 0.17492676 -0.1459961 -0.16796875 -0.4000244 -0.42236328 0.035217285 0.018554688 -0.17578125 -0.16552734 0.21508789 -0.38293457 -0.42285156 -0.22875977 -0.32617188 0.1472168 -0.7285156 0.09197998 -0.26904297 0.1459961 0.21670532 -0.05078125 0.5175781 -0.13964844 0.12835693 0.24743652 0.18359375 0.012176514 0.6425781 -0.020019531 0.3647461 -0.10571289 -0.1977539 0.4091797 0.048339844 0.054748535 0.055480957 0.1381836 0.07080078 0.13461304 0.22070312 -0.27490234 -0.13018799 0.14111328 -0.2758789 -0.26513672 0.12890625 0.07519531 -0.0048828125 0.19726562 0.1003418 0.021484375 0.12658691 0.36523438 0.43115234 -0.10449219 0.21191406 -0.036621094 -0.025390625 0.58984375 0.3334961 0.2508545 0.021240234 0.3671875 0.6694336 -0.0126953125 0.20263672 -0.25097656 0.58813477 0.171875 -0.1395874 -0.37353516 0.06201172 -0.296875 0.28515625 -0.15820312 -0.018554688 0.2998047 -0.24316406 -0.12524414 -0.03149414 -0.08300781 -0.33251953 -0.03375244 -0.2512207 -0.015136719 -0.06604004 0.14855957 -0.12597656 -0.45703125 -0.14501953 0.28625488 -0.37890625 0.22924805 -0.5410156 0.16088867 -0.11242676 -0.41455078 0.015625 -0.20947266 0.22607422 -0.56640625 -0.10888672 0.006591797 0.0703125 -0.0048828125 -0.39245605 -0.40820312 -0.1928711 0.35351562 0.0 0.109375 
-0.23876953 -0.066986084 0.19873047 0.11050415 -0.24121094 -0.3310547 -0.4501953 0.25976562 -0.068603516 0.08642578 0.040771484 -0.19843292 0.005859375 0.50341797 -0.22753906 -0.001953125 0.06298828 -0.27294922 -0.29052734 0.030761719 -0.05517578 0.19677734 0.09375 -0.029785156 -0.01953125 -0.32421875 0.02734375 0.4753418 0.061523438 0.4631958 -0.0703125 0.10449219 0.12646484 -0.54296875 -0.092285156 -0.07763672 -0.072753906 0.5029297 -0.5292969 -0.19433594 -0.6298828 -0.31689453 -0.021972656 0.16186523 0.019836426 0.15771484 -0.016822815 -0.28295898 -0.17132568 0.19873047 -0.65625 0.08627319 0.4091797 0.09423828 -0.2788086 0.21923828 -0.2084961 -0.1850586 0.08227539 0.21044922 -0.30273438 -0.1171875 -0.25097656 0.39404297 0.15039062 -0.671875 0.0390625 0.1105957 0.30859375 -0.22216797 -0.009765625 -0.28814697 0.19140625 -0.25610352 -0.5048828 0.30200195 0.44433594 0.044189453 0.15698242 -0.40185547 -0.17407227 -0.0029296875 -0.3095703 -0.114471436 0.13134766 0.055908203 -0.5917969 0.40356445 0.060546875 0.18896484 -0.17456055 -0.05126953 0.23649597 -0.09338379 -0.084350586 -0.21044922 0.038085938 0.083984375 -0.021240234 -0.15527344 0.28588867 0.033203125 0.10546875 -0.1585083 0.042785645 0.22729492 0.07287598 0.4716797 -0.18066406 -0.20446777 0.15600586 -0.2998047 -0.51171875 -0.47265625 0.11303711 0.41503906 0.18188477 -0.14453125 0.16052246 -0.0234375 0.04736328 -0.03564453 0.13427734 0.028320312 0.035438538 -0.25354004 -0.19628906 0.53808594 0.09375 0.13867188 0.47753906 -0.15820312 -0.12670898 -0.5727539 -0.075927734 -0.026245117 0.026496887 -0.12402344 -0.15136719 0.23699951 0.31347656 -0.20349121 0.37963867 -0.2631836 0.15039062 -0.27783203 0.27246094 0.12866211 0.22216797 0.07897949 0.41503906 -0.52246094 -0.35075378 -0.076171875 -0.23144531 0.56347656 0.4111328 -0.036132812 -0.30810547 -0.12225342 -0.20214844 0.59124756 0.30419922 -0.22021484 -0.2290039 0.071777344 0.064453125 0.001953125 -0.69921875 -0.24365234 -0.4038086 -0.0009765625 -0.7363281 -0.5332031 0.17407227 0.56640625 -0.07324219 -0.13085938 -0.08154297 -0.1899414 0.17333984 -0.17626953 0.5175781 0.09277344 0.21210098 -0.31835938 0.30859375 -0.25683594 0.19709778 0.07910156 0.099609375 -0.16503906 -0.26037598 -0.39660645 -0.032409668 0.13476562 -0.08203125 0.06982422 -0.03466797 -0.49121094 -0.3095703 0.15112305 -0.36523438 0.16503906 -0.6142578 0.09979248 -0.3984375 -0.06591797 0.27075195 -0.17919922 0.32714844 -0.25195312 0.21777344 0.1361084 -0.09423828 -0.00036621094 0.5576172 -0.07543945 0.40454102 -0.4404297 -0.20214844 0.36621094 -0.13067627 0.02911377 0.14648438 0.06591797 -0.09326172 0.037200928 0.17333984 -0.12890625 -0.10284424 0.013671875 -0.26416016 -0.4375 0.060058594 0.087890625 -0.06665039 -0.061523438 0.30078125 -0.119628906 0.1661377 0.3955078 0.46679688 0.13476562 -0.07128906 0.07458496 0.32470703 0.31347656 0.16796875 0.16784668 0.13232422 0.48632812 0.6274414 -0.15011597 0.17584229 0.013671875 0.5673828 0.27148438 -0.3154297 -0.3383789 0.3388672 -0.0871582 0.31640625 -0.16394043 -0.1517334 0.033691406 -0.13757324 -0.13305664 -0.095825195 -0.17515564 -0.58984375 -0.09503174 -0.12670898 -0.31689453 0.0073242188 0.05517578 -0.0068359375 -0.3701172 -0.26708984 0.25445557 -0.3232422 0.099121094 -0.4658203 0.101379395 -0.140625 -0.4272461 -0.11022949 -0.20239258 -0.0087890625 -0.6269531 -0.14135742 -0.06640625 0.10827637 -0.009765625 -0.38391113 -0.015136719 -0.31835938 0.24169922 0.31396484 0.36621094 
-0.18359375 0.21524048 0.07086182 -0.071624756 -0.06982422 -0.16662598 -0.43847656 0.23339844 -0.09423828 0.12890625 0.058441162 -0.26367188 -0.19140625 0.5058594 -0.24121094 0.35888672 0.14868164 -0.3720703 -0.10131836 0.26416016 0.056884766 0.12634277 0.29052734 0.21875 -0.21923828 -0.20166016 0.072509766 0.42407227 0.29052734 0.30859375 0.01171875 0.19763184 0.0234375 -0.47851562 0.0029296875 -0.13122559 0.16210938 0.44726562 -0.60546875 -0.24780273 -0.5152588 -0.1640625 -0.43359375 -0.029296875 0.057373047 0.17333984 0.020874023 -0.37890625 -0.16870117 0.1574707 -0.6621094 0.10040283 0.36816406 0.1274414 -0.02734375 0.42236328 -0.5800781 -0.25732422 0.055404663 0.14526367 -0.36914062 -0.15722656 -0.2109375 0.3988037 0.20703125 -0.5390625 -0.029296875 0.2890625 0.123046875 -0.12939453 -0.048828125 -0.26275635 0.18652344 -0.31713867 -0.6113281 0.37597656 0.33398438 -0.033691406 0.11254883 -0.31530762 -0.07348633 -0.26220703 -0.21850586 -0.23291016 0.1274414 0.1496582 -0.49316406 0.40356445 0.13671875 0.18017578 -0.080566406 -0.084472656 0.13769531 -0.13964844 -0.106933594 0.12011719 -0.3232422 0.4560547 0.28393555 -0.12084961 0.2952881 0.051757812 0.068359375 -0.11260986 0.07940674 0.13476562 -0.20153809 0.4383545 -0.025878906 -0.39453125 0.52441406 -0.31347656 -0.39990234 -0.5644531 0.023925781 0.34570312 0.095458984 -0.18847656 0.20507812 0.0126953125 -0.020751953 0.055603027 -0.13574219 0.016601562 0.010292053 -0.1607666 -0.26708984 0.53125 0.0126953125 -0.038085938 0.42041016 -0.2411499 -0.087646484 -0.4572754 -0.079833984 0.09716797 -0.025512695 -0.049804688 -0.12927246 0.2662964 0.328125 -0.4765625 0.35180664 -0.13769531 0.087402344 -0.29785156 0.18658447 0.3557129 -0.04296875 0.18798828 0.25317383 -0.25830078 0.024490356 -0.001953125 -0.22021484 0.56933594 0.6035156 -0.07055664 -0.31591797 -0.21191406 -0.18115234 0.6850586 -0.015136719 -0.32739258 -0.13348389 0.21411133 0.3642578 -0.15039062 -0.671875 -0.18115234 -0.44628906 -0.13427734 -0.6040039 -0.4609375 0.05029297 0.4658203 -0.103515625 -0.20996094 -0.14794922 -0.27868652 0.19580078 -0.091552734 0.55371094 -0.05078125 0.32714844 -0.5449219 0.12841797 -0.41503906 0.06933594 -0.0390625 0.061523438 -0.07714844 -0.25061035 -0.4814453 0.31744385 0.12524414 -0.103515625 -0.18261719 0.052978516 -0.51660156 -0.21142578 -0.0107421875 -0.21582031 0.10571289 -0.66308594 0.017608643 -0.40527344 0.035888672 0.100097656 -0.1459961 0.55078125 -0.08154297 0.024414062 -0.034362793 -0.05419922 0.21386719 0.69433594 0.02734375 0.34277344 -0.23632812 -0.25732422 0.30517578 -0.22851562 -0.07904053 -0.0625 -0.18066406 0.12739563 0.044525146 0.28027344 -0.29492188 -0.3098755 -0.005859375 -0.2319336 -0.29515076 0.03930664 0.15217972 -0.26660156 0.123046875 0.18847656 -0.1352539 0.32824707 0.3227539 0.5029297 0.03515625 -0.18286133 -0.22521973 0.16210938 0.3665161 0.17480469 0.005859375 -0.114746094 0.47265625 0.6274414 -0.17382812 0.14379883 -0.0234375 0.4453125 0.2211914 -0.29003906 -0.42041016 0.14697266 -0.13623047 0.5 -0.14770508 -0.072753906 0.23779297 -0.17437744 -0.23510742 0.16552734 -0.08544922 -0.23925781 -0.05206299 -0.25610352 0.04736328 -0.0024414062 0.07421875 0.12841797 -0.3215332 -0.09277344 0.20727539 -0.39160156 0.14697266 -0.5107422 0.117614746 -0.115478516 -0.4560547 -0.25390625 -0.27612305 0.20534134 -0.5830078 -0.12719727 -0.15771484 0.023925781 -0.12911987 -0.35839844 -0.111450195 -0.19873047 0.39160156 0.20410156 0.42382812 
 
-0.203125 0.21914673 0.20166016 -0.03817749 -0.17480469 -0.31835938 -0.45898438 0.36816406 0.06738281 0.36132812 0.18164062 -0.3779297 -0.375 0.4227295 0.095947266 0.18945312 0.18933105 -0.26000977 -0.09033203 0.115356445 0.05419922 0.38867188 0.24957275 0.041015625 -0.16503906 -0.2783203 -0.13867188 0.5571289 0.41503906 0.5966797 0.40039062 0.2939453 0.21148682 -0.33984375 -0.13562012 0.11328125 -0.2109375 0.51171875 -0.39135742 -0.20458984 -0.6933594 -0.3005371 -0.2548828 0.19519043 0.16894531 0.023925781 -0.07531738 -0.20800781 -0.080078125 0.21728516 -0.55078125 0.27929688 0.5126953 -0.19091797 -0.29589844 0.13476562 -0.16247559 -0.095214844 -0.014404297 0.20361328 -0.49023438 0.06738281 -0.30664062 0.4104004 0.043945312 -0.444458 0.3876953 0.2006836 0.4326172 -0.28564453 -0.116748095 0.04852295 0.21435547 -0.0390625 -0.49072266 0.42578125 0.26452637 0.091552734 0.22094727 -0.22070312 0.107177734 -0.16564941 -0.18383789 0.049804688 -0.013549805 -0.033691406 -0.5605469 0.33911133 -0.00390625 -0.052246094 -0.4091797 0.0068359375 0.24810791 -0.3227539 -0.17529297 -0.04248047 0.12231445 0.24560547 -0.17797852 -0.11657715 0.4326172 0.18652344 0.41210938 -0.08135986 0.21710205 0.24542236 0.032348633 0.43920898 -0.39013672 -0.5683594 0.22851562 -0.22692871 -0.2631836 -0.28375244 0.17993164 0.32421875 -0.28198242 -0.10839844 0.40625 0.0087890625 -0.122558594 -0.03564453 -0.1274414 0.045898438 0.15628815 0.44958496 -0.07055664 0.34960938 0.044921875 -0.20458984 0.37695312 -0.3017578 -0.0793457 -0.35351562 0.1665039 -0.123046875 -0.08068848 -0.4423828 -0.27246094 0.23504639 0.28710938 -0.2421875 0.22998047 -0.18066406 0.07421875 -0.34765625 0.19274902 -0.13452148 0.24584961 0.0043945312 0.26220703 -0.56152344 0.11164856 0.075683594 -0.12109375 0.30371094 0.6074219 -0.02823639 -0.21936035 -0.2421875 -0.24853516 0.5517578 0.25927734 -0.1875 -0.06982422 0.13085938 0.31054688 -0.21044922 -0.66796875 -0.13647461 -0.5 0.056640625 -0.6845703 -0.45214844 0.15490723 0.43164062 -0.16796875 0.13208008 0.015136719 -0.35205078 0.1772461 -0.08300781 0.3883896 0.16113281 0.16137695 -0.04296875 0.012939453 -0.48046875 0.31640625 0.05859375 -0.1361084 -0.06738281 -0.19494629 -0.45043945 -0.22650146 0.025146484 -0.33447266 -0.2680664 -0.10205078 -0.5371094 -0.25439453 -0.064575195 -0.3642578 0.12634277 -0.74609375 -0.08673096 -0.18383789 0.103515625 0.35351562 -0.20263672 0.24710083 0.091796875 0.24853516 0.06970215 0.035888672 0.1875 0.5493164 0.00048828125 0.45166016 0.111328125 0.0107421875 0.16259766 -0.05029297 -0.00491333 0.14257812 -0.13720703 0.21533203 -0.0029392242 0.16699219 -0.057617188 -0.10235596 -0.31298828 -0.10662842 -0.2163086 -0.061523438 0.0126953125 -0.053710938 0.1328125 0.118896484 -0.14404297 0.095336914 0.21018219 0.43945312 0.22094727 -0.15014648 -0.12756348 0.390625 0.3708496 0.38720703 -0.0435791 0.1508789 0.38671875 0.5658264 0.07324219 0.08251953 0.11230469 0.71875 -0.04296875 -0.14868164 -0.08380127 0.09814453 -0.17236328 0.072753906 -0.3125 -0.2109375 0.25976562 -0.14355469 0.13696289 -0.16699219 -0.26660156 -0.5288086 0.12371826 -0.087402344 -0.10498047 0.09375 0.1237793 0.23828125 -0.36572266 -0.08666992 0.16210938 -0.23095703 0.19494629 -0.3005371 0.55810547 0.019042969 -0.6015625 -0.25878906 -0.3413086 0.1381836 -0.4303894 -0.13769531 -0.08691406 0.14953613 -0.123413086 -0.2861328 -0.43359375 -0.07324219 0.27978516 0.26098633 0.24975586 
-0.1083374 0.07266235 0.22167969 0.0987854 -0.24023438 -0.10546875 -0.5673828 0.39453125 -0.13867188 0.19189453 0.045288086 -0.17370605 -0.18920898 0.56103516 -0.2919922 0.36279297 0.16729736 -0.114746094 -0.26123047 -0.10986328 0.059814453 0.28515625 0.29492188 -0.012207031 -0.24804688 -0.103027344 -0.23828125 0.4975586 0.23583984 0.2939453 -0.02734375 0.24902344 0.16918945 -0.51171875 -0.21191406 -0.10595703 0.019042969 0.4423828 -0.5283203 -0.23583984 -0.42236328 -0.41918945 -0.21191406 0.1586914 -0.24609375 0.047851562 -0.27453613 -0.41210938 -0.28808594 0.13543701 -0.47851562 0.10974121 0.49902344 -0.03466797 -0.28857422 0.21533203 -0.51953125 -0.20751953 0.045959473 0.07128906 -0.39453125 0.041992188 -0.001953125 0.16015625 0.17480469 -0.6357422 0.22167969 0.31347656 0.32739258 -0.1328125 0.2211914 -0.2822876 0.10836792 -0.41503906 -0.5839844 0.30200195 0.2824707 0.030517578 0.060180664 -0.2868042 -0.0715332 -0.3984375 -0.17608643 -0.12284088 0.2055664 0.22265625 -0.70703125 0.3684082 -0.12585449 0.083740234 -0.17102051 -0.0063476562 0.19726562 -0.33251953 -0.15283203 -0.016601562 -0.14550781 0.3720703 0.21362305 -0.23486328 0.15625 0.14160156 -0.03125 -0.12237549 -0.019134521 0.33447266 -0.1361084 0.23242188 -0.22021484 -0.18652344 0.19140625 -0.27514648 -0.20996094 -0.58203125 -0.09448242 0.21362305 0.06762695 -0.4189453 0.18670654 -0.1303711 -0.020385742 0.2368164 -0.038330078 -0.15429688 -0.07613373 0.047607422 -0.115242004 0.69921875 -0.06274414 -0.17626953 0.65234375 -0.23135376 0.064697266 -0.58740234 -0.036254883 0.11767578 0.11022949 -0.091796875 -0.037597656 0.4537964 0.17700195 -0.28515625 0.25048828 -0.45703125 0.0 -0.4140625 0.23461914 0.37329102 0.2055664 0.10316467 0.33007812 -0.22039795 -0.11003113 -0.24316406 -0.52734375 0.2319336 0.31640625 0.033935547 0.034179688 -0.128479 -0.19335938 0.5578613 0.22216797 -0.4765625 -0.09082031 0.11621094 0.18725586 -0.11279297 -0.54296875 -0.21142578 -0.22851562 0.16259766 -0.51123047 -0.5097656 0.10620117 0.6015625 -0.09375 -0.16503906 -0.05810547 0.033203125 0.29833984 -0.0859375 0.36206055 -0.09863281 0.2614746 -0.35058594 0.32421875 -0.39257812 0.14111328 0.17492676 -0.1459961 -0.16796875 -0.4000244 -0.42236328 0.035217285 0.018554688 -0.17578125 -0.16552734 0.21508789 -0.38293457 -0.42285156 -0.22875977 -0.32617188 0.1472168 -0.7285156 0.09197998 -0.26904297 0.1459961 0.21670532 -0.05078125 0.5175781 -0.13964844 0.12835693 0.24743652 0.18359375 0.012176514 0.6425781 -0.020019531 0.3647461 -0.10571289 -0.1977539 0.4091797 0.048339844 0.054748535 0.055480957 0.1381836 0.07080078 0.13461304 0.22070312 -0.27490234 -0.13018799 0.14111328 -0.2758789 -0.26513672 0.12890625 0.07519531 -0.0048828125 0.19726562 0.1003418 0.021484375 0.12658691 0.36523438 0.43115234 -0.10449219 0.21191406 -0.036621094 -0.025390625 0.58984375 0.3334961 0.2508545 0.021240234 0.3671875 0.6694336 -0.0126953125 0.20263672 -0.25097656 0.58813477 0.171875 -0.1395874 -0.37353516 0.06201172 -0.296875 0.28515625 -0.15820312 -0.018554688 0.2998047 -0.24316406 -0.12524414 -0.03149414 -0.08300781 -0.33251953 -0.03375244 -0.2512207 -0.015136719 -0.06604004 0.14855957 -0.12597656 -0.45703125 -0.14501953 0.28625488 -0.37890625 0.22924805 -0.5410156 0.16088867 -0.11242676 -0.41455078 0.015625 -0.20947266 0.22607422 -0.56640625 -0.10888672 0.006591797 0.0703125 -0.0048828125 -0.39245605 -0.40820312 -0.1928711 0.35351562 0.0 0.109375 
-0.2631836 0.15371704 0.28515625 0.034576416 -0.5029297 -0.3203125 -0.43554688 0.21972656 -0.21679688 0.24291992 0.19580078 -0.14013672 -0.037109375 0.5083008 -0.06738281 -0.052246094 0.31933594 -0.05859375 -0.14501953 0.16235352 -0.06298828 0.22167969 0.25878906 0.14538574 -0.22314453 -0.084472656 -0.15722656 0.1484375 0.26757812 0.46029663 -0.04296875 0.36035156 0.0390625 -0.40820312 -0.13070679 -0.078125 -0.084228516 0.734375 -0.62109375 -0.36572266 -0.17578125 -0.044921875 -0.11303711 -0.021484375 -0.140625 0.091308594 0.115112305 -0.34521484 -0.27246094 0.09399414 -0.46679688 0.2421875 0.37402344 -0.109191895 -0.10595703 0.123535156 0.109375 -0.2788086 0.13452148 0.14892578 -0.3798828 0.040527344 -0.12841797 0.15820312 0.046875 -0.6542969 -0.08886719 0.5390625 0.57714844 -0.20166016 -0.20263672 -0.18951416 0.0034179688 -0.2803955 -0.6035156 0.48242188 0.044921875 0.08947754 0.09716797 -0.61328125 -0.13598633 -0.234375 -0.37402344 -0.14880371 0.042236328 0.15405273 -0.6464844 0.48364258 0.2265625 0.21044922 -0.20654297 0.084228516 0.13330078 -0.0904541 0.046875 -0.04248047 0.037109375 0.23339844 0.2956543 -0.13117981 0.21606445 0.033203125 0.36767578 -0.1272583 0.08380127 0.18530273 -0.06237793 0.19628906 -0.2290039 -0.38085938 0.064697266 -0.056640625 -0.59375 -0.5439453 0.011474609 0.33984375 0.1105957 -0.41796875 0.30859375 -0.31884766 0.1171875 0.18798828 0.01171875 0.11767578 0.15726471 -0.4156494 -0.24951172 0.4272461 0.03515625 -0.31152344 0.47070312 -0.15673828 -0.17260742 -0.5800781 -0.2993164 0.12548828 0.046142578 -0.0234375 -0.2783203 0.028564453 0.4453125 -0.071777344 0.36010742 -0.13671875 0.05078125 -0.17050171 0.42578125 0.05419922 0.06542969 0.108184814 0.256958 -0.19299316 -0.09928894 0.14160156 -0.23925781 0.23486328 0.5878906 -0.08081055 -0.1430664 -0.15637207 -0.22607422 0.55566406 0.24951172 -0.19873047 -0.10961914 0.15966797 0.3564453 0.051757812 -0.5761719 -0.114868164 -0.10449219 0.12915039 -0.58935547 -0.31640625 0.12689209 0.34570312 -0.30126953 -0.049316406 0.026855469 -0.16455078 0.14208984 -0.11425781 0.7089844 -0.08129883 0.20877075 -0.29248047 0.3046875 -0.4013672 0.19989014 -0.07324219 -0.115478516 -0.047851562 -0.3121338 -0.5131836 0.020812988 0.38427734 -0.1640625 -0.14672852 0.32055664 -0.44433594 -0.3178711 0.28979492 -0.25 0.16552734 -0.5576172 -0.024719238 -0.30273438 -0.12939453 0.14794922 -0.41503906 0.4296875 0.19335938 0.033691406 0.12927246 -0.026855469 -0.20703125 0.76171875 -0.011230469 0.5 -0.3173828 -0.17578125 0.2944336 -0.060546875 -0.06829834 -0.20898438 0.020019531 -0.095214844 0.0809021 0.3623047 0.01953125 0.121276855 0.115722656 -0.21777344 -0.33691406 -0.2890625 0.111083984 -0.21240234 -0.15820312 0.084228516 -0.13012695 -0.002746582 0.08984375 0.3671875 0.22216797 -0.23242188 0.09069824 0.3540039 0.47070312 0.04736328 -0.05090332 -0.018310547 0.4248047 0.6459961 -0.049804688 -0.017578125 -0.0546875 0.5673828 0.060302734 -0.42578125 -0.25048828 0.01171875 0.032714844 0.21484375 -0.1508789 0.06738281 0.25097656 -0.01171875 -0.1003418 -0.2319336 -0.13476562 -0.45532227 -0.00579834 -0.18286133 -0.37939453 -0.028869629 0.104003906 0.005859375 -0.5625 -0.16064453 0.18066406 -0.49316406 0.25634766 -0.41796875 0.1953125 -0.31591797 -0.17675781 -0.14575195 -0.45703125 0.29345703 -0.5800781 -0.40625 -0.08203125 0.03857422 0.053710938 -0.50683594 -0.34375 -0.32421875 0.07714844 0.2581787 0.32177734 
 
-0.2631836 0.15371704 0.28515625 0.034576416 -0.5029297 -0.3203125 -0.43554688 0.21972656 -0.21679688 0.24291992 0.19580078 -0.14013672 -0.037109375 0.5083008 -0.06738281 -0.052246094 0.31933594 -0.05859375 -0.14501953 0.16235352 -0.06298828 0.22167969 0.25878906 0.14538574 -0.22314453 -0.084472656 -0.15722656 0.1484375 0.26757812 0.46029663 -0.04296875 0.36035156 0.0390625 -0.40820312 -0.13070679 -0.078125 -0.084228516 0.734375 -0.62109375 -0.36572266 -0.17578125 -0.044921875 -0.11303711 -0.021484375 -0.140625 0.091308594 0.115112305 -0.34521484 -0.27246094 0.09399414 -0.46679688 0.2421875 0.37402344 -0.109191895 -0.10595703 0.123535156 0.109375 -0.2788086 0.13452148 0.14892578 -0.3798828 0.040527344 -0.12841797 0.15820312 0.046875 -0.6542969 -0.08886719 0.5390625 0.57714844 -0.20166016 -0.20263672 -0.18951416 0.0034179688 -0.2803955 -0.6035156 0.48242188 0.044921875 0.08947754 0.09716797 -0.61328125 -0.13598633 -0.234375 -0.37402344 -0.14880371 0.042236328 0.15405273 -0.6464844 0.48364258 0.2265625 0.21044922 -0.20654297 0.084228516 0.13330078 -0.0904541 0.046875 -0.04248047 0.037109375 0.23339844 0.2956543 -0.13117981 0.21606445 0.033203125 0.36767578 -0.1272583 0.08380127 0.18530273 -0.06237793 0.19628906 -0.2290039 -0.38085938 0.064697266 -0.056640625 -0.59375 -0.5439453 0.011474609 0.33984375 0.1105957 -0.41796875 0.30859375 -0.31884766 0.1171875 0.18798828 0.01171875 0.11767578 0.15726471 -0.4156494 -0.24951172 0.4272461 0.03515625 -0.31152344 0.47070312 -0.15673828 -0.17260742 -0.5800781 -0.2993164 0.12548828 0.046142578 -0.0234375 -0.2783203 0.028564453 0.4453125 -0.071777344 0.36010742 -0.13671875 0.05078125 -0.17050171 0.42578125 0.05419922 0.06542969 0.108184814 0.256958 -0.19299316 -0.09928894 0.14160156 -0.23925781 0.23486328 0.5878906 -0.08081055 -0.1430664 -0.15637207 -0.22607422 0.55566406 0.24951172 -0.19873047 -0.10961914 0.15966797 0.3564453 0.051757812 -0.5761719 -0.114868164 -0.10449219 0.12915039 -0.58935547 -0.31640625 0.12689209 0.34570312 -0.30126953 -0.049316406 0.026855469 -0.16455078 0.14208984 -0.11425781 0.7089844 -0.08129883 0.20877075 -0.29248047 0.3046875 -0.4013672 0.19989014 -0.07324219 -0.115478516 -0.047851562 -0.3121338 -0.5131836 0.020812988 0.38427734 -0.1640625 -0.14672852 0.32055664 -0.44433594 -0.3178711 0.28979492 -0.25 0.16552734 -0.5576172 -0.024719238 -0.30273438 -0.12939453 0.14794922 -0.41503906 0.4296875 0.19335938 0.033691406 0.12927246 -0.026855469 -0.20703125 0.76171875 -0.011230469 0.5 -0.3173828 -0.17578125 0.2944336 -0.060546875 -0.06829834 -0.20898438 0.020019531 -0.095214844 0.0809021 0.3623047 0.01953125 0.121276855 0.115722656 -0.21777344 -0.33691406 -0.2890625 0.111083984 -0.21240234 -0.15820312 0.084228516 -0.13012695 -0.002746582 0.08984375 0.3671875 0.22216797 -0.23242188 0.09069824 0.3540039 0.47070312 0.04736328 -0.05090332 -0.018310547 0.4248047 0.6459961 -0.049804688 -0.017578125 -0.0546875 0.5673828 0.060302734 -0.42578125 -0.25048828 0.01171875 0.032714844 0.21484375 -0.1508789 0.06738281 0.25097656 -0.01171875 -0.1003418 -0.2319336 -0.13476562 -0.45532227 -0.00579834 -0.18286133 -0.37939453 -0.028869629 0.104003906 0.005859375 -0.5625 -0.16064453 0.18066406 -0.49316406 0.25634766 -0.41796875 0.1953125 -0.31591797 -0.17675781 -0.14575195 -0.45703125 0.29345703 -0.5800781 -0.40625 -0.08203125 0.03857422 0.053710938 -0.50683594 -0.34375 -0.32421875 0.07714844 0.2581787 0.32177734 
-0.203125 0.21914673 0.20166016 -0.03817749 -0.17480469 -0.31835938 -0.45898438 0.36816406 0.06738281 0.36132812 0.18164062 -0.3779297 -0.375 0.4227295 0.095947266 0.18945312 0.18933105 -0.26000977 -0.09033203 0.115356445 0.05419922 0.38867188 0.24957275 0.041015625 -0.16503906 -0.2783203 -0.13867188 0.5571289 0.41503906 0.5966797 0.40039062 0.2939453 0.21148682 -0.33984375 -0.13562012 0.11328125 -0.2109375 0.51171875 -0.39135742 -0.20458984 -0.6933594 -0.3005371 -0.2548828 0.19519043 0.16894531 0.023925781 -0.07531738 -0.20800781 -0.080078125 0.21728516 -0.55078125 0.27929688 0.5126953 -0.19091797 -0.29589844 0.13476562 -0.16247559 -0.095214844 -0.014404297 0.20361328 -0.49023438 0.06738281 -0.30664062 0.4104004 0.043945312 -0.444458 0.3876953 0.2006836 0.4326172 -0.28564453 -0.116748095 0.04852295 0.21435547 -0.0390625 -0.49072266 0.42578125 0.26452637 0.091552734 0.22094727 -0.22070312 0.107177734 -0.16564941 -0.18383789 0.049804688 -0.013549805 -0.033691406 -0.5605469 0.33911133 -0.00390625 -0.052246094 -0.4091797 0.0068359375 0.24810791 -0.3227539 -0.17529297 -0.04248047 0.12231445 0.24560547 -0.17797852 -0.11657715 0.4326172 0.18652344 0.41210938 -0.08135986 0.21710205 0.24542236 0.032348633 0.43920898 -0.39013672 -0.5683594 0.22851562 -0.22692871 -0.2631836 -0.28375244 0.17993164 0.32421875 -0.28198242 -0.10839844 0.40625 0.0087890625 -0.122558594 -0.03564453 -0.1274414 0.045898438 0.15628815 0.44958496 -0.07055664 0.34960938 0.044921875 -0.20458984 0.37695312 -0.3017578 -0.0793457 -0.35351562 0.1665039 -0.123046875 -0.08068848 -0.4423828 -0.27246094 0.23504639 0.28710938 -0.2421875 0.22998047 -0.18066406 0.07421875 -0.34765625 0.19274902 -0.13452148 0.24584961 0.0043945312 0.26220703 -0.56152344 0.11164856 0.075683594 -0.12109375 0.30371094 0.6074219 -0.02823639 -0.21936035 -0.2421875 -0.24853516 0.5517578 0.25927734 -0.1875 -0.06982422 0.13085938 0.31054688 -0.21044922 -0.66796875 -0.13647461 -0.5 0.056640625 -0.6845703 -0.45214844 0.15490723 0.43164062 -0.16796875 0.13208008 0.015136719 -0.35205078 0.1772461 -0.08300781 0.3883896 0.16113281 0.16137695 -0.04296875 0.012939453 -0.48046875 0.31640625 0.05859375 -0.1361084 -0.06738281 -0.19494629 -0.45043945 -0.22650146 0.025146484 -0.33447266 -0.2680664 -0.10205078 -0.5371094 -0.25439453 -0.064575195 -0.3642578 0.12634277 -0.74609375 -0.08673096 -0.18383789 0.103515625 0.35351562 -0.20263672 0.24710083 0.091796875 0.24853516 0.06970215 0.035888672 0.1875 0.5493164 0.00048828125 0.45166016 0.111328125 0.0107421875 0.16259766 -0.05029297 -0.00491333 0.14257812 -0.13720703 0.21533203 -0.0029392242 0.16699219 -0.057617188 -0.10235596 -0.31298828 -0.10662842 -0.2163086 -0.061523438 0.0126953125 -0.053710938 0.1328125 0.118896484 -0.14404297 0.095336914 0.21018219 0.43945312 0.22094727 -0.15014648 -0.12756348 0.390625 0.3708496 0.38720703 -0.0435791 0.1508789 0.38671875 0.5658264 0.07324219 0.08251953 0.11230469 0.71875 -0.04296875 -0.14868164 -0.08380127 0.09814453 -0.17236328 0.072753906 -0.3125 -0.2109375 0.25976562 -0.14355469 0.13696289 -0.16699219 -0.26660156 -0.5288086 0.12371826 -0.087402344 -0.10498047 0.09375 0.1237793 0.23828125 -0.36572266 -0.08666992 0.16210938 -0.23095703 0.19494629 -0.3005371 0.55810547 0.019042969 -0.6015625 -0.25878906 -0.3413086 0.1381836 -0.4303894 -0.13769531 -0.08691406 0.14953613 -0.123413086 -0.2861328 -0.43359375 -0.07324219 0.27978516 0.26098633 0.24975586 
-0.33935547 0.15078735 0.10986328 0.00091552734 -0.35839844 -0.31347656 -0.39257812 0.26464844 -0.06347656 0.091796875 0.20166016 -0.19406128 -0.107421875 0.2607422 -0.11035156 0.1977539 0.17043304 -0.11767578 -0.10864258 -0.0068359375 0.041992188 0.3232422 0.2680664 0.3305664 -0.10394287 -0.27001953 -0.2265625 0.413208 0.13964844 0.37646484 0.22814941 -0.029296875 0.2397461 -0.21691895 0.018554688 -0.04345703 -0.12158203 0.4873047 -0.32885742 -0.1484375 -0.55615234 -0.27392578 -0.076171875 -0.033203125 0.06933594 -0.020019531 -0.029296875 -0.27539062 0.01171875 0.21289062 -0.5234375 0.22851562 0.27124023 0.21142578 -0.09423828 0.2475586 -0.39648438 -0.33154297 0.057365417 0.20947266 -0.55859375 -0.043945312 -0.13427734 0.31835938 0.044921875 -0.6855469 0.0546875 0.23632812 0.17871094 0.11767578 0.060058594 -0.24420166 0.24023438 -0.4140625 -0.578125 0.28857422 0.42578125 0.08013916 0.18383789 -0.5078125 -0.22973633 -0.14053679 -0.23583984 -0.14941406 0.11767578 0.22558594 -0.5488281 0.5109863 -0.11791992 0.032432556 -0.25195312 0.2055664 0.034179688 -0.36376953 -0.044677734 -0.063964844 0.13012695 0.18847656 0.14233398 -0.012207031 0.24084473 0.14550781 0.30932617 -0.14874268 0.21905518 0.08203125 0.079956055 0.3972168 -0.35888672 -0.21923828 -0.0068359375 -0.19665527 -0.46972656 -0.44628906 0.08886719 0.12695312 0.080322266 -0.5673828 -0.026367188 -0.123535156 -0.091796875 0.026000977 -0.2006836 0.045898438 0.13871002 -0.06896973 -0.044433594 0.8339844 -0.18408203 -0.06640625 0.39916992 -0.12207031 -0.10131836 -0.66015625 -0.1303711 -0.10107422 -0.029174805 -0.14160156 -0.1550293 -0.020324707 0.25976562 -0.041992188 0.38916016 -0.11425781 0.10205078 -0.119140625 0.18029785 0.14770508 0.19189453 -0.051757812 0.13720703 -0.42871094 -0.34098816 -0.060546875 -0.421875 0.33599854 0.35253906 0.025634766 -0.36035156 -0.16967773 -0.2109375 0.5175781 0.13085938 -0.2763672 -0.22509766 0.15185547 0.4013672 -0.036132812 -0.51464844 -0.2602539 -0.2662964 0.28271484 -0.42919922 -0.40234375 0.23535156 0.48828125 -0.14160156 0.026611328 -0.11279297 -0.26367188 -0.036621094 -0.057128906 0.6347656 -0.11035156 0.2614746 -0.24291992 0.18164062 -0.24633789 0.09765625 0.064453125 0.013671875 -0.123046875 -0.4058838 -0.46826172 -0.008850098 0.111572266 -0.122558594 -0.020507812 0.13696289 -0.47998047 -0.30078125 0.04711914 -0.21533203 0.18066406 -0.57910156 0.06414795 -0.29736328 -0.06958008 0.17919922 -0.22607422 0.2998047 -0.13964844 0.14990234 0.0501709 -0.092285156 -0.08300781 0.6660156 -0.14477539 0.26464844 -0.10180664 -0.28271484 0.28735352 -0.2709961 0.07720947 0.12207031 0.14501953 0.08520508 0.09701538 0.04724121 -0.24511719 0.16375732 -0.2915039 -0.20996094 -0.38085938 0.21289062 0.16870117 -0.12677002 -0.080444336 -0.18066406 -0.056640625 0.2208252 0.3486328 0.38671875 -0.013671875 0.06933594 0.030151367 0.20874023 0.61035156 0.16455078 0.30847168 -0.05517578 0.4423828 0.56726074 -0.0009765625 0.2866211 -0.06518555 0.6491699 0.21826172 -0.2783203 -0.27294922 0.19122314 0.057128906 0.21777344 -0.31347656 -0.2084961 0.19580078 -0.20874023 -0.13793945 0.12841797 -0.15917969 -0.30078125 0.11883545 -0.14331055 -0.103027344 0.03125 0.1105957 0.06298828 -0.29907227 -0.16796875 0.107421875 -0.48339844 0.28808594 -0.3076172 0.009277344 -0.21582031 -0.6171875 0.09765625 -0.4013672 0.19433594 -0.7949219 0.0 -0.22216797 0.11932373 -0.11981201 -0.3722992 -0.22216797 -0.29785156 0.32714844 0.22918701 0.36816406 
-0.203125 0.21914673 0.20166016 -0.03817749 -0.17480469 -0.31835938 -0.45898438 0.36816406 0.06738281 0.36132812 0.18164062 -0.3779297 -0.375 0.4227295 0.095947266 0.18945312 0.18933105 -0.26000977 -0.09033203 0.115356445 0.05419922 0.38867188 0.24957275 0.041015625 -0.16503906 -0.2783203 -0.13867188 0.5571289 0.41503906 0.5966797 0.40039062 0.2939453 0.21148682 -0.33984375 -0.13562012 0.11328125 -0.2109375 0.51171875 -0.39135742 -0.20458984 -0.6933594 -0.3005371 -0.2548828 0.19519043 0.16894531 0.023925781 -0.07531738 -0.20800781 -0.080078125 0.21728516 -0.55078125 0.27929688 0.5126953 -0.19091797 -0.29589844 0.13476562 -0.16247559 -0.095214844 -0.014404297 0.20361328 -0.49023438 0.06738281 -0.30664062 0.4104004 0.043945312 -0.444458 0.3876953 0.2006836 0.4326172 -0.28564453 -0.116748095 0.04852295 0.21435547 -0.0390625 -0.49072266 0.42578125 0.26452637 0.091552734 0.22094727 -0.22070312 0.107177734 -0.16564941 -0.18383789 0.049804688 -0.013549805 -0.033691406 -0.5605469 0.33911133 -0.00390625 -0.052246094 -0.4091797 0.0068359375 0.24810791 -0.3227539 -0.17529297 -0.04248047 0.12231445 0.24560547 -0.17797852 -0.11657715 0.4326172 0.18652344 0.41210938 -0.08135986 0.21710205 0.24542236 0.032348633 0.43920898 -0.39013672 -0.5683594 0.22851562 -0.22692871 -0.2631836 -0.28375244 0.17993164 0.32421875 -0.28198242 -0.10839844 0.40625 0.0087890625 -0.122558594 -0.03564453 -0.1274414 0.045898438 0.15628815 0.44958496 -0.07055664 0.34960938 0.044921875 -0.20458984 0.37695312 -0.3017578 -0.0793457 -0.35351562 0.1665039 -0.123046875 -0.08068848 -0.4423828 -0.27246094 0.23504639 0.28710938 -0.2421875 0.22998047 -0.18066406 0.07421875 -0.34765625 0.19274902 -0.13452148 0.24584961 0.0043945312 0.26220703 -0.56152344 0.11164856 0.075683594 -0.12109375 0.30371094 0.6074219 -0.02823639 -0.21936035 -0.2421875 -0.24853516 0.5517578 0.25927734 -0.1875 -0.06982422 0.13085938 0.31054688 -0.21044922 -0.66796875 -0.13647461 -0.5 0.056640625 -0.6845703 -0.45214844 0.15490723 0.43164062 -0.16796875 0.13208008 0.015136719 -0.35205078 0.1772461 -0.08300781 0.3883896 0.16113281 0.16137695 -0.04296875 0.012939453 -0.48046875 0.31640625 0.05859375 -0.1361084 -0.06738281 -0.19494629 -0.45043945 -0.22650146 0.025146484 -0.33447266 -0.2680664 -0.10205078 -0.5371094 -0.25439453 -0.064575195 -0.3642578 0.12634277 -0.74609375 -0.08673096 -0.18383789 0.103515625 0.35351562 -0.20263672 0.24710083 0.091796875 0.24853516 0.06970215 0.035888672 0.1875 0.5493164 0.00048828125 0.45166016 0.111328125 0.0107421875 0.16259766 -0.05029297 -0.00491333 0.14257812 -0.13720703 0.21533203 -0.0029392242 0.16699219 -0.057617188 -0.10235596 -0.31298828 -0.10662842 -0.2163086 -0.061523438 0.0126953125 -0.053710938 0.1328125 0.118896484 -0.14404297 0.095336914 0.21018219 0.43945312 0.22094727 -0.15014648 -0.12756348 0.390625 0.3708496 0.38720703 -0.0435791 0.1508789 0.38671875 0.5658264 0.07324219 0.08251953 0.11230469 0.71875 -0.04296875 -0.14868164 -0.08380127 0.09814453 -0.17236328 0.072753906 -0.3125 -0.2109375 0.25976562 -0.14355469 0.13696289 -0.16699219 -0.26660156 -0.5288086 0.12371826 -0.087402344 -0.10498047 0.09375 0.1237793 0.23828125 -0.36572266 -0.08666992 0.16210938 -0.23095703 0.19494629 -0.3005371 0.55810547 0.019042969 -0.6015625 -0.25878906 -0.3413086 0.1381836 -0.4303894 -0.13769531 -0.08691406 0.14953613 -0.123413086 -0.2861328 -0.43359375 -0.07324219 0.27978516 0.26098633 0.24975586 
 
-0.12414551 0.073150635 0.1899414 0.047027588 -0.1977539 -0.18060303 -0.4326172 0.09375 -0.028869629 0.26391602 0.09289551 -0.32470703 -0.11230469 0.65722656 -0.3623047 0.29345703 0.30566406 -0.12597656 -0.18701172 -0.110839844 -0.027832031 0.22705078 0.27416992 0.08911133 0.03515625 -0.39453125 -0.22265625 0.5908203 0.27734375 0.38330078 -0.021484375 0.26757812 0.13476562 -0.52734375 -0.1105957 -0.1829834 0.060546875 0.4794922 -0.6230469 -0.07910156 -0.52001953 -0.3005371 -0.25585938 0.18408203 -0.047851562 0.06640625 -0.08166504 -0.39111328 0.01953125 -0.036132812 -0.42529297 0.15039062 0.54589844 -0.07519531 -0.1697998 0.2553711 -0.39648438 -0.15771484 0.31274414 0.056396484 -0.48339844 -0.17675781 -0.15332031 0.36572266 0.25231934 -0.54589844 0.12158203 0.09320068 0.26660156 -0.014160156 0.092285156 -0.30181885 0.08654785 -0.31982422 -0.46240234 0.26678467 0.33251953 0.017333984 0.13012695 -0.47753906 -0.16040039 -0.20214844 -0.35742188 -0.13549805 0.044677734 0.34716797 -0.65625 0.48950195 -0.09399414 0.28076172 0.045898438 -0.05810547 0.11425781 -0.18261719 -0.095336914 -0.2709961 -0.16699219 0.36621094 0.15795898 -0.087402344 0.34033203 0.21069336 0.25073242 0.031677246 0.17901611 0.26391602 0.123168945 0.46899414 -0.29345703 -0.12988281 0.23339844 -0.2919922 -0.4951172 -0.484375 -0.008056641 0.19213867 -0.00048828125 -0.4453125 0.11767578 -0.057617188 0.01953125 0.25830078 0.029785156 -0.056640625 0.06034088 -0.14221191 -0.1373291 0.6816406 0.05078125 0.038085938 0.52246094 -0.07128906 -0.012939453 -0.7890625 -0.13867188 -0.05517578 -0.037719727 -0.029296875 -0.098968506 0.21063232 0.32714844 -0.036132812 0.4194336 -0.37719727 -0.07519531 -0.38867188 0.19760132 0.3869629 0.044921875 0.12658691 0.33740234 -0.4794922 -0.14958191 -0.047851562 -0.3317871 0.5527344 0.2341919 -0.013366699 -0.0546875 -0.12930298 -0.16064453 0.49316406 0.20458984 -0.39160156 -0.31884766 0.034179688 0.31835938 0.07519531 -0.65234375 -0.38623047 -0.33374023 0.11853027 -0.6923828 -0.40722656 0.12335205 0.45214844 -0.16992188 -0.080078125 -0.11376953 -0.09863281 -0.0009765625 -0.055786133 0.53222656 0.038085938 0.25878906 -0.17822266 0.20996094 -0.45996094 0.18231201 -0.03125 -0.02734375 -0.083984375 -0.2672119 -0.5605469 -0.019226074 0.07421875 0.0068359375 -0.020019531 0.12133789 -0.45166016 -0.21240234 0.029052734 -0.33203125 0.1640625 -0.875 0.024475098 -0.2836914 -0.099609375 0.11279297 -0.1027832 0.4873047 -0.15917969 0.28320312 0.03137207 0.020507812 -0.005004883 0.609375 -0.021972656 0.37280273 -0.13574219 -0.20214844 0.3876953 -0.11065674 0.078186035 -0.140625 0.045410156 0.09057617 0.11361694 0.05029297 -0.24560547 0.0836792 0.10888672 -0.31689453 -0.31188965 0.20214844 0.19165039 -0.15698242 -0.067871094 -0.07910156 -0.28466797 0.2989502 0.22198486 0.35546875 0.14477539 0.0126953125 0.022094727 0.13476562 0.44628906 0.51220703 0.26843262 0.060913086 0.4482422 0.66259766 0.12597656 0.18859863 -0.12294006 0.57788086 0.39941406 -0.12438965 -0.35986328 0.21240234 -0.036743164 0.32421875 -0.44433594 -0.111328125 0.17651367 -0.04248047 -0.18334961 0.119628906 -0.0546875 -0.19140625 -0.049621582 -0.16479492 -0.18798828 -0.2890625 0.07128906 0.060546875 -0.34570312 -0.13867188 0.45507812 -0.57128906 0.22836304 -0.5078125 0.047851562 -0.16796875 -0.4267578 -0.099487305 -0.40722656 0.3779297 -0.46777344 -0.1159668 -0.032592773 -0.020507812 0.07324219 -0.21386719 -0.21972656 -0.29296875 0.38671875 0.24246216 0.34594727 
-0.018066406 0.00024414062 0.19482422 0.20620728 0.045898438 -0.20709229 -0.25317383 0.37939453 -0.0031738281 0.31884766 0.06739044 -0.49121094 -0.22784424 0.23730469 -0.115234375 0.17919922 0.27294922 -0.15942383 0.09716797 0.017578125 0.0637207 0.40429688 0.5644531 0.02734375 -0.16601562 -0.17507935 -0.11328125 0.3076172 0.26586914 0.44909668 0.3149414 0.34179688 0.15966797 -0.23486328 -0.08276367 -0.03564453 0.083984375 0.35546875 -0.354187 -0.1328125 -0.29101562 -0.41455078 0.19140625 0.22485352 0.12988281 0.18408203 -0.037597656 -0.35058594 -0.1184082 0.16455078 -0.20410156 0.27441406 0.26293945 -0.10949707 -0.24829102 0.12841797 -0.14282227 0.053955078 0.08605957 -0.033691406 -0.109375 0.18017578 -0.20117188 0.4175415 0.33398438 -0.44311523 0.00390625 0.2998047 0.33007812 -0.03967285 0.044433594 -0.021728516 0.15795898 -0.21704102 -0.9042969 0.080078125 0.3779297 0.060272217 0.28637695 -0.08300781 -0.008666992 -0.2578125 0.026367188 -0.1616211 -0.1850586 0.01171875 -0.3786621 0.3215332 -0.151474 0.095703125 -0.27441406 0.25439453 0.16699219 -0.035888672 -0.33496094 -0.14025879 0.28710938 0.28027344 -0.08276367 -0.30371094 0.03515625 0.1875 0.3515625 0.022888184 -0.12225342 0.37597656 -0.0970459 0.42333984 -0.033447266 -0.48632812 -0.17089844 -0.32421875 -0.28833008 -0.20410156 0.18969727 -0.032226562 -0.0925293 -0.5371094 0.3955078 -0.39746094 -0.040527344 -0.06201172 -0.10290527 0.42285156 -0.0976181 -0.03527832 -0.22167969 0.42822266 -0.08959961 -0.09033203 -0.021484375 -0.4814453 -0.32299805 -0.55566406 -0.23876953 -0.1821289 -0.033325195 -0.08496094 -0.005859375 0.19403076 0.095581055 -0.14477539 0.40625 -0.41259766 0.25878906 -0.061523438 -0.052734375 -0.16479492 0.26489258 0.086120605 0.40527344 -0.041992188 -0.33512878 0.21435547 -0.3302002 0.48535156 0.22961426 -0.072509766 -0.41308594 -0.05126953 -0.17382812 0.56591797 0.00048828125 0.029296875 -0.14465332 -0.059570312 0.24316406 -0.13085938 -0.23144531 -0.15039062 -0.4921875 0.28076172 -0.5227051 -0.40039062 0.0234375 0.3005371 -0.078125 -0.076171875 0.17871094 -0.26757812 0.037597656 0.1303711 0.50390625 -0.040039062 0.24194336 -0.19335938 -0.18945312 -0.13183594 0.26464844 0.10229492 -0.16308594 0.22558594 -0.024902344 -0.43701172 0.11920166 0.16503906 -0.3334961 -0.08679199 -0.1472168 -0.5644531 -0.3779297 0.076416016 -0.10253906 0.19921875 -0.42492676 0.05682373 -0.38378906 -0.079589844 0.29589844 -0.020019531 0.33154297 0.033935547 0.022460938 -0.0107421875 -0.16357422 -0.1640625 0.78125 -0.051513672 0.34765625 -0.13623047 -0.30615234 0.26635742 -0.15161133 0.032043457 0.2919922 -0.41455078 0.28857422 -0.065582275 -0.080078125 -0.25341797 0.038513184 -0.10180664 -0.08190918 -0.30822754 0.10546875 0.21972656 -0.30664062 0.053710938 0.25097656 -0.30566406 0.014862061 0.3232422 0.42626953 0.12548828 -0.31445312 -0.1138916 0.14160156 0.50878906 0.020019531 0.06750488 0.24658203 0.13867188 0.49975586 0.0068359375 0.20605469 -0.10888672 0.6126404 -0.029296875 -0.30566406 -0.36767578 0.14550781 -0.16894531 0.21679688 -0.24584961 -0.06982422 0.31347656 -0.119140625 0.036865234 -0.21240234 -0.044921875 -0.48339844 0.16766357 0.21166992 0.36083984 -0.096191406 0.087402344 0.076171875 -0.5253906 -0.13330078 0.23486328 -0.06738281 0.22440338 -0.22924805 0.2836914 0.03955078 -0.29614258 -0.19335938 -0.5253906 -0.021484375 -0.33007812 -0.30273438 0.10595703 -0.17871094 -0.2133789 -0.45751953 -0.25341797 -0.13964844 0.16607666 0.2800293 0.18164062 
-0.23876953 -0.066986084 0.19873047 0.11050415 -0.24121094 -0.3310547 -0.4501953 0.25976562 -0.068603516 0.08642578 0.040771484 -0.19843292 0.005859375 0.50341797 -0.22753906 -0.001953125 0.06298828 -0.27294922 -0.29052734 0.030761719 -0.05517578 0.19677734 0.09375 -0.029785156 -0.01953125 -0.32421875 0.02734375 0.4753418 0.061523438 0.4631958 -0.0703125 0.10449219 0.12646484 -0.54296875 -0.092285156 -0.07763672 -0.072753906 0.5029297 -0.5292969 -0.19433594 -0.6298828 -0.31689453 -0.021972656 0.16186523 0.019836426 0.15771484 -0.016822815 -0.28295898 -0.17132568 0.19873047 -0.65625 0.08627319 0.4091797 0.09423828 -0.2788086 0.21923828 -0.2084961 -0.1850586 0.08227539 0.21044922 -0.30273438 -0.1171875 -0.25097656 0.39404297 0.15039062 -0.671875 0.0390625 0.1105957 0.30859375 -0.22216797 -0.009765625 -0.28814697 0.19140625 -0.25610352 -0.5048828 0.30200195 0.44433594 0.044189453 0.15698242 -0.40185547 -0.17407227 -0.0029296875 -0.3095703 -0.114471436 0.13134766 0.055908203 -0.5917969 0.40356445 0.060546875 0.18896484 -0.17456055 -0.05126953 0.23649597 -0.09338379 -0.084350586 -0.21044922 0.038085938 0.083984375 -0.021240234 -0.15527344 0.28588867 0.033203125 0.10546875 -0.1585083 0.042785645 0.22729492 0.07287598 0.4716797 -0.18066406 -0.20446777 0.15600586 -0.2998047 -0.51171875 -0.47265625 0.11303711 0.41503906 0.18188477 -0.14453125 0.16052246 -0.0234375 0.04736328 -0.03564453 0.13427734 0.028320312 0.035438538 -0.25354004 -0.19628906 0.53808594 0.09375 0.13867188 0.47753906 -0.15820312 -0.12670898 -0.5727539 -0.075927734 -0.026245117 0.026496887 -0.12402344 -0.15136719 0.23699951 0.31347656 -0.20349121 0.37963867 -0.2631836 0.15039062 -0.27783203 0.27246094 0.12866211 0.22216797 0.07897949 0.41503906 -0.52246094 -0.35075378 -0.076171875 -0.23144531 0.56347656 0.4111328 -0.036132812 -0.30810547 -0.12225342 -0.20214844 0.59124756 0.30419922 -0.22021484 -0.2290039 0.071777344 0.064453125 0.001953125 -0.69921875 -0.24365234 -0.4038086 -0.0009765625 -0.7363281 -0.5332031 0.17407227 0.56640625 -0.07324219 -0.13085938 -0.08154297 -0.1899414 0.17333984 -0.17626953 0.5175781 0.09277344 0.21210098 -0.31835938 0.30859375 -0.25683594 0.19709778 0.07910156 0.099609375 -0.16503906 -0.26037598 -0.39660645 -0.032409668 0.13476562 -0.08203125 0.06982422 -0.03466797 -0.49121094 -0.3095703 0.15112305 -0.36523438 0.16503906 -0.6142578 0.09979248 -0.3984375 -0.06591797 0.27075195 -0.17919922 0.32714844 -0.25195312 0.21777344 0.1361084 -0.09423828 -0.00036621094 0.5576172 -0.07543945 0.40454102 -0.4404297 -0.20214844 0.36621094 -0.13067627 0.02911377 0.14648438 0.06591797 -0.09326172 0.037200928 0.17333984 -0.12890625 -0.10284424 0.013671875 -0.26416016 -0.4375 0.060058594 0.087890625 -0.06665039 -0.061523438 0.30078125 -0.119628906 0.1661377 0.3955078 0.46679688 0.13476562 -0.07128906 0.07458496 0.32470703 0.31347656 0.16796875 0.16784668 0.13232422 0.48632812 0.6274414 -0.15011597 0.17584229 0.013671875 0.5673828 0.27148438 -0.3154297 -0.3383789 0.3388672 -0.0871582 0.31640625 -0.16394043 -0.1517334 0.033691406 -0.13757324 -0.13305664 -0.095825195 -0.17515564 -0.58984375 -0.09503174 -0.12670898 -0.31689453 0.0073242188 0.05517578 -0.0068359375 -0.3701172 -0.26708984 0.25445557 -0.3232422 0.099121094 -0.4658203 0.101379395 -0.140625 -0.4272461 -0.11022949 -0.20239258 -0.0087890625 -0.6269531 -0.14135742 -0.06640625 0.10827637 -0.009765625 -0.38391113 -0.015136719 -0.31835938 0.24169922 0.31396484 0.36621094 
-0.18359375 0.21524048 0.07086182 -0.071624756 -0.06982422 -0.16662598 -0.43847656 0.23339844 -0.09423828 0.12890625 0.058441162 -0.26367188 -0.19140625 0.5058594 -0.24121094 0.35888672 0.14868164 -0.3720703 -0.10131836 0.26416016 0.056884766 0.12634277 0.29052734 0.21875 -0.21923828 -0.20166016 0.072509766 0.42407227 0.29052734 0.30859375 0.01171875 0.19763184 0.0234375 -0.47851562 0.0029296875 -0.13122559 0.16210938 0.44726562 -0.60546875 -0.24780273 -0.5152588 -0.1640625 -0.43359375 -0.029296875 0.057373047 0.17333984 0.020874023 -0.37890625 -0.16870117 0.1574707 -0.6621094 0.10040283 0.36816406 0.1274414 -0.02734375 0.42236328 -0.5800781 -0.25732422 0.055404663 0.14526367 -0.36914062 -0.15722656 -0.2109375 0.3988037 0.20703125 -0.5390625 -0.029296875 0.2890625 0.123046875 -0.12939453 -0.048828125 -0.26275635 0.18652344 -0.31713867 -0.6113281 0.37597656 0.33398438 -0.033691406 0.11254883 -0.31530762 -0.07348633 -0.26220703 -0.21850586 -0.23291016 0.1274414 0.1496582 -0.49316406 0.40356445 0.13671875 0.18017578 -0.080566406 -0.084472656 0.13769531 -0.13964844 -0.106933594 0.12011719 -0.3232422 0.4560547 0.28393555 -0.12084961 0.2952881 0.051757812 0.068359375 -0.11260986 0.07940674 0.13476562 -0.20153809 0.4383545 -0.025878906 -0.39453125 0.52441406 -0.31347656 -0.39990234 -0.5644531 0.023925781 0.34570312 0.095458984 -0.18847656 0.20507812 0.0126953125 -0.020751953 0.055603027 -0.13574219 0.016601562 0.010292053 -0.1607666 -0.26708984 0.53125 0.0126953125 -0.038085938 0.42041016 -0.2411499 -0.087646484 -0.4572754 -0.079833984 0.09716797 -0.025512695 -0.049804688 -0.12927246 0.2662964 0.328125 -0.4765625 0.35180664 -0.13769531 0.087402344 -0.29785156 0.18658447 0.3557129 -0.04296875 0.18798828 0.25317383 -0.25830078 0.024490356 -0.001953125 -0.22021484 0.56933594 0.6035156 -0.07055664 -0.31591797 -0.21191406 -0.18115234 0.6850586 -0.015136719 -0.32739258 -0.13348389 0.21411133 0.3642578 -0.15039062 -0.671875 -0.18115234 -0.44628906 -0.13427734 -0.6040039 -0.4609375 0.05029297 0.4658203 -0.103515625 -0.20996094 -0.14794922 -0.27868652 0.19580078 -0.091552734 0.55371094 -0.05078125 0.32714844 -0.5449219 0.12841797 -0.41503906 0.06933594 -0.0390625 0.061523438 -0.07714844 -0.25061035 -0.4814453 0.31744385 0.12524414 -0.103515625 -0.18261719 0.052978516 -0.51660156 -0.21142578 -0.0107421875 -0.21582031 0.10571289 -0.66308594 0.017608643 -0.40527344 0.035888672 0.100097656 -0.1459961 0.55078125 -0.08154297 0.024414062 -0.034362793 -0.05419922 0.21386719 0.69433594 0.02734375 0.34277344 -0.23632812 -0.25732422 0.30517578 -0.22851562 -0.07904053 -0.0625 -0.18066406 0.12739563 0.044525146 0.28027344 -0.29492188 -0.3098755 -0.005859375 -0.2319336 -0.29515076 0.03930664 0.15217972 -0.26660156 0.123046875 0.18847656 -0.1352539 0.32824707 0.3227539 0.5029297 0.03515625 -0.18286133 -0.22521973 0.16210938 0.3665161 0.17480469 0.005859375 -0.114746094 0.47265625 0.6274414 -0.17382812 0.14379883 -0.0234375 0.4453125 0.2211914 -0.29003906 -0.42041016 0.14697266 -0.13623047 0.5 -0.14770508 -0.072753906 0.23779297 -0.17437744 -0.23510742 0.16552734 -0.08544922 -0.23925781 -0.05206299 -0.25610352 0.04736328 -0.0024414062 0.07421875 0.12841797 -0.3215332 -0.09277344 0.20727539 -0.39160156 0.14697266 -0.5107422 0.117614746 -0.115478516 -0.4560547 -0.25390625 -0.27612305 0.20534134 -0.5830078 -0.12719727 -0.15771484 0.023925781 -0.12911987 -0.35839844 -0.111450195 -0.19873047 0.39160156 0.20410156 0.42382812 
-0.1083374 0.07266235 0.22167969 0.0987854 -0.24023438 -0.10546875 -0.5673828 0.39453125 -0.13867188 0.19189453 0.045288086 -0.17370605 -0.18920898 0.56103516 -0.2919922 0.36279297 0.16729736 -0.114746094 -0.26123047 -0.10986328 0.059814453 0.28515625 0.29492188 -0.012207031 -0.24804688 -0.103027344 -0.23828125 0.4975586 0.23583984 0.2939453 -0.02734375 0.24902344 0.16918945 -0.51171875 -0.21191406 -0.10595703 0.019042969 0.4423828 -0.5283203 -0.23583984 -0.42236328 -0.41918945 -0.21191406 0.1586914 -0.24609375 0.047851562 -0.27453613 -0.41210938 -0.28808594 0.13543701 -0.47851562 0.10974121 0.49902344 -0.03466797 -0.28857422 0.21533203 -0.51953125 -0.20751953 0.045959473 0.07128906 -0.39453125 0.041992188 -0.001953125 0.16015625 0.17480469 -0.6357422 0.22167969 0.31347656 0.32739258 -0.1328125 0.2211914 -0.2822876 0.10836792 -0.41503906 -0.5839844 0.30200195 0.2824707 0.030517578 0.060180664 -0.2868042 -0.0715332 -0.3984375 -0.17608643 -0.12284088 0.2055664 0.22265625 -0.70703125 0.3684082 -0.12585449 0.083740234 -0.17102051 -0.0063476562 0.19726562 -0.33251953 -0.15283203 -0.016601562 -0.14550781 0.3720703 0.21362305 -0.23486328 0.15625 0.14160156 -0.03125 -0.12237549 -0.019134521 0.33447266 -0.1361084 0.23242188 -0.22021484 -0.18652344 0.19140625 -0.27514648 -0.20996094 -0.58203125 -0.09448242 0.21362305 0.06762695 -0.4189453 0.18670654 -0.1303711 -0.020385742 0.2368164 -0.038330078 -0.15429688 -0.07613373 0.047607422 -0.115242004 0.69921875 -0.06274414 -0.17626953 0.65234375 -0.23135376 0.064697266 -0.58740234 -0.036254883 0.11767578 0.11022949 -0.091796875 -0.037597656 0.4537964 0.17700195 -0.28515625 0.25048828 -0.45703125 0.0 -0.4140625 0.23461914 0.37329102 0.2055664 0.10316467 0.33007812 -0.22039795 -0.11003113 -0.24316406 -0.52734375 0.2319336 0.31640625 0.033935547 0.034179688 -0.128479 -0.19335938 0.5578613 0.22216797 -0.4765625 -0.09082031 0.11621094 0.18725586 -0.11279297 -0.54296875 -0.21142578 -0.22851562 0.16259766 -0.51123047 -0.5097656 0.10620117 0.6015625 -0.09375 -0.16503906 -0.05810547 0.033203125 0.29833984 -0.0859375 0.36206055 -0.09863281 0.2614746 -0.35058594 0.32421875 -0.39257812 0.14111328 0.17492676 -0.1459961 -0.16796875 -0.4000244 -0.42236328 0.035217285 0.018554688 -0.17578125 -0.16552734 0.21508789 -0.38293457 -0.42285156 -0.22875977 -0.32617188 0.1472168 -0.7285156 0.09197998 -0.26904297 0.1459961 0.21670532 -0.05078125 0.5175781 -0.13964844 0.12835693 0.24743652 0.18359375 0.012176514 0.6425781 -0.020019531 0.3647461 -0.10571289 -0.1977539 0.4091797 0.048339844 0.054748535 0.055480957 0.1381836 0.07080078 0.13461304 0.22070312 -0.27490234 -0.13018799 0.14111328 -0.2758789 -0.26513672 0.12890625 0.07519531 -0.0048828125 0.19726562 0.1003418 0.021484375 0.12658691 0.36523438 0.43115234 -0.10449219 0.21191406 -0.036621094 -0.025390625 0.58984375 0.3334961 0.2508545 0.021240234 0.3671875 0.6694336 -0.0126953125 0.20263672 -0.25097656 0.58813477 0.171875 -0.1395874 -0.37353516 0.06201172 -0.296875 0.28515625 -0.15820312 -0.018554688 0.2998047 -0.24316406 -0.12524414 -0.03149414 -0.08300781 -0.33251953 -0.03375244 -0.2512207 -0.015136719 -0.06604004 0.14855957 -0.12597656 -0.45703125 -0.14501953 0.28625488 -0.37890625 0.22924805 -0.5410156 0.16088867 -0.11242676 -0.41455078 0.015625 -0.20947266 0.22607422 -0.56640625 -0.10888672 0.006591797 0.0703125 -0.0048828125 -0.39245605 -0.40820312 -0.1928711 0.35351562 0.0 0.109375 
-0.23876953 -0.066986084 0.19873047 0.11050415 -0.24121094 -0.3310547 -0.4501953 0.25976562 -0.068603516 0.08642578 0.040771484 -0.19843292 0.005859375 0.50341797 -0.22753906 -0.001953125 0.06298828 -0.27294922 -0.29052734 0.030761719 -0.05517578 0.19677734 0.09375 -0.029785156 -0.01953125 -0.32421875 0.02734375 0.4753418 0.061523438 0.4631958 -0.0703125 0.10449219 0.12646484 -0.54296875 -0.092285156 -0.07763672 -0.072753906 0.5029297 -0.5292969 -0.19433594 -0.6298828 -0.31689453 -0.021972656 0.16186523 0.019836426 0.15771484 -0.016822815 -0.28295898 -0.17132568 0.19873047 -0.65625 0.08627319 0.4091797 0.09423828 -0.2788086 0.21923828 -0.2084961 -0.1850586 0.08227539 0.21044922 -0.30273438 -0.1171875 -0.25097656 0.39404297 0.15039062 -0.671875 0.0390625 0.1105957 0.30859375 -0.22216797 -0.009765625 -0.28814697 0.19140625 -0.25610352 -0.5048828 0.30200195 0.44433594 0.044189453 0.15698242 -0.40185547 -0.17407227 -0.0029296875 -0.3095703 -0.114471436 0.13134766 0.055908203 -0.5917969 0.40356445 0.060546875 0.18896484 -0.17456055 -0.05126953 0.23649597 -0.09338379 -0.084350586 -0.21044922 0.038085938 0.083984375 -0.021240234 -0.15527344 0.28588867 0.033203125 0.10546875 -0.1585083 0.042785645 0.22729492 0.07287598 0.4716797 -0.18066406 -0.20446777 0.15600586 -0.2998047 -0.51171875 -0.47265625 0.11303711 0.41503906 0.18188477 -0.14453125 0.16052246 -0.0234375 0.04736328 -0.03564453 0.13427734 0.028320312 0.035438538 -0.25354004 -0.19628906 0.53808594 0.09375 0.13867188 0.47753906 -0.15820312 -0.12670898 -0.5727539 -0.075927734 -0.026245117 0.026496887 -0.12402344 -0.15136719 0.23699951 0.31347656 -0.20349121 0.37963867 -0.2631836 0.15039062 -0.27783203 0.27246094 0.12866211 0.22216797 0.07897949 0.41503906 -0.52246094 -0.35075378 -0.076171875 -0.23144531 0.56347656 0.4111328 -0.036132812 -0.30810547 -0.12225342 -0.20214844 0.59124756 0.30419922 -0.22021484 -0.2290039 0.071777344 0.064453125 0.001953125 -0.69921875 -0.24365234 -0.4038086 -0.0009765625 -0.7363281 -0.5332031 0.17407227 0.56640625 -0.07324219 -0.13085938 -0.08154297 -0.1899414 0.17333984 -0.17626953 0.5175781 0.09277344 0.21210098 -0.31835938 0.30859375 -0.25683594 0.19709778 0.07910156 0.099609375 -0.16503906 -0.26037598 -0.39660645 -0.032409668 0.13476562 -0.08203125 0.06982422 -0.03466797 -0.49121094 -0.3095703 0.15112305 -0.36523438 0.16503906 -0.6142578 0.09979248 -0.3984375 -0.06591797 0.27075195 -0.17919922 0.32714844 -0.25195312 0.21777344 0.1361084 -0.09423828 -0.00036621094 0.5576172 -0.07543945 0.40454102 -0.4404297 -0.20214844 0.36621094 -0.13067627 0.02911377 0.14648438 0.06591797 -0.09326172 0.037200928 0.17333984 -0.12890625 -0.10284424 0.013671875 -0.26416016 -0.4375 0.060058594 0.087890625 -0.06665039 -0.061523438 0.30078125 -0.119628906 0.1661377 0.3955078 0.46679688 0.13476562 -0.07128906 0.07458496 0.32470703 0.31347656 0.16796875 0.16784668 0.13232422 0.48632812 0.6274414 -0.15011597 0.17584229 0.013671875 0.5673828 0.27148438 -0.3154297 -0.3383789 0.3388672 -0.0871582 0.31640625 -0.16394043 -0.1517334 0.033691406 -0.13757324 -0.13305664 -0.095825195 -0.17515564 -0.58984375 -0.09503174 -0.12670898 -0.31689453 0.0073242188 0.05517578 -0.0068359375 -0.3701172 -0.26708984 0.25445557 -0.3232422 0.099121094 -0.4658203 0.101379395 -0.140625 -0.4272461 -0.11022949 -0.20239258 -0.0087890625 -0.6269531 -0.14135742 -0.06640625 0.10827637 -0.009765625 -0.38391113 -0.015136719 -0.31835938 0.24169922 0.31396484 0.36621094 
-0.18359375 0.21524048 0.07086182 -0.071624756 -0.06982422 -0.16662598 -0.43847656 0.23339844 -0.09423828 0.12890625 0.058441162 -0.26367188 -0.19140625 0.5058594 -0.24121094 0.35888672 0.14868164 -0.3720703 -0.10131836 0.26416016 0.056884766 0.12634277 0.29052734 0.21875 -0.21923828 -0.20166016 0.072509766 0.42407227 0.29052734 0.30859375 0.01171875 0.19763184 0.0234375 -0.47851562 0.0029296875 -0.13122559 0.16210938 0.44726562 -0.60546875 -0.24780273 -0.5152588 -0.1640625 -0.43359375 -0.029296875 0.057373047 0.17333984 0.020874023 -0.37890625 -0.16870117 0.1574707 -0.6621094 0.10040283 0.36816406 0.1274414 -0.02734375 0.42236328 -0.5800781 -0.25732422 0.055404663 0.14526367 -0.36914062 -0.15722656 -0.2109375 0.3988037 0.20703125 -0.5390625 -0.029296875 0.2890625 0.123046875 -0.12939453 -0.048828125 -0.26275635 0.18652344 -0.31713867 -0.6113281 0.37597656 0.33398438 -0.033691406 0.11254883 -0.31530762 -0.07348633 -0.26220703 -0.21850586 -0.23291016 0.1274414 0.1496582 -0.49316406 0.40356445 0.13671875 0.18017578 -0.080566406 -0.084472656 0.13769531 -0.13964844 -0.106933594 0.12011719 -0.3232422 0.4560547 0.28393555 -0.12084961 0.2952881 0.051757812 0.068359375 -0.11260986 0.07940674 0.13476562 -0.20153809 0.4383545 -0.025878906 -0.39453125 0.52441406 -0.31347656 -0.39990234 -0.5644531 0.023925781 0.34570312 0.095458984 -0.18847656 0.20507812 0.0126953125 -0.020751953 0.055603027 -0.13574219 0.016601562 0.010292053 -0.1607666 -0.26708984 0.53125 0.0126953125 -0.038085938 0.42041016 -0.2411499 -0.087646484 -0.4572754 -0.079833984 0.09716797 -0.025512695 -0.049804688 -0.12927246 0.2662964 0.328125 -0.4765625 0.35180664 -0.13769531 0.087402344 -0.29785156 0.18658447 0.3557129 -0.04296875 0.18798828 0.25317383 -0.25830078 0.024490356 -0.001953125 -0.22021484 0.56933594 0.6035156 -0.07055664 -0.31591797 -0.21191406 -0.18115234 0.6850586 -0.015136719 -0.32739258 -0.13348389 0.21411133 0.3642578 -0.15039062 -0.671875 -0.18115234 -0.44628906 -0.13427734 -0.6040039 -0.4609375 0.05029297 0.4658203 -0.103515625 -0.20996094 -0.14794922 -0.27868652 0.19580078 -0.091552734 0.55371094 -0.05078125 0.32714844 -0.5449219 0.12841797 -0.41503906 0.06933594 -0.0390625 0.061523438 -0.07714844 -0.25061035 -0.4814453 0.31744385 0.12524414 -0.103515625 -0.18261719 0.052978516 -0.51660156 -0.21142578 -0.0107421875 -0.21582031 0.10571289 -0.66308594 0.017608643 -0.40527344 0.035888672 0.100097656 -0.1459961 0.55078125 -0.08154297 0.024414062 -0.034362793 -0.05419922 0.21386719 0.69433594 0.02734375 0.34277344 -0.23632812 -0.25732422 0.30517578 -0.22851562 -0.07904053 -0.0625 -0.18066406 0.12739563 0.044525146 0.28027344 -0.29492188 -0.3098755 -0.005859375 -0.2319336 -0.29515076 0.03930664 0.15217972 -0.26660156 0.123046875 0.18847656 -0.1352539 0.32824707 0.3227539 0.5029297 0.03515625 -0.18286133 -0.22521973 0.16210938 0.3665161 0.17480469 0.005859375 -0.114746094 0.47265625 0.6274414 -0.17382812 0.14379883 -0.0234375 0.4453125 0.2211914 -0.29003906 -0.42041016 0.14697266 -0.13623047 0.5 -0.14770508 -0.072753906 0.23779297 -0.17437744 -0.23510742 0.16552734 -0.08544922 -0.23925781 -0.05206299 -0.25610352 0.04736328 -0.0024414062 0.07421875 0.12841797 -0.3215332 -0.09277344 0.20727539 -0.39160156 0.14697266 -0.5107422 0.117614746 -0.115478516 -0.4560547 -0.25390625 -0.27612305 0.20534134 -0.5830078 -0.12719727 -0.15771484 0.023925781 -0.12911987 -0.35839844 -0.111450195 -0.19873047 0.39160156 0.20410156 0.42382812 




-0.12414551 0.073150635 0.1899414 0.047027588 -0.1977539 -0.18060303 -0.4326172 0.09375 -0.028869629 0.26391602 0.09289551 -0.32470703 -0.11230469 0.65722656 -0.3623047 0.29345703 0.30566406 -0.12597656 -0.18701172 -0.110839844 -0.027832031 0.22705078 0.27416992 0.08911133 0.03515625 -0.39453125 -0.22265625 0.5908203 0.27734375 0.38330078 -0.021484375 0.26757812 0.13476562 -0.52734375 -0.1105957 -0.1829834 0.060546875 0.4794922 -0.6230469 -0.07910156 -0.52001953 -0.3005371 -0.25585938 0.18408203 -0.047851562 0.06640625 -0.08166504 -0.39111328 0.01953125 -0.036132812 -0.42529297 0.15039062 0.54589844 -0.07519531 -0.1697998 0.2553711 -0.39648438 -0.15771484 0.31274414 0.056396484 -0.48339844 -0.17675781 -0.15332031 0.36572266 0.25231934 -0.54589844 0.12158203 0.09320068 0.26660156 -0.014160156 0.092285156 -0.30181885 0.08654785 -0.31982422 -0.46240234 0.26678467 0.33251953 0.017333984 0.13012695 -0.47753906 -0.16040039 -0.20214844 -0.35742188 -0.13549805 0.044677734 0.34716797 -0.65625 0.48950195 -0.09399414 0.28076172 0.045898438 -0.05810547 0.11425781 -0.18261719 -0.095336914 -0.2709961 -0.16699219 0.36621094 0.15795898 -0.087402344 0.34033203 0.21069336 0.25073242 0.031677246 0.17901611 0.26391602 0.123168945 0.46899414 -0.29345703 -0.12988281 0.23339844 -0.2919922 -0.4951172 -0.484375 -0.008056641 0.19213867 -0.00048828125 -0.4453125 0.11767578 -0.057617188 0.01953125 0.25830078 0.029785156 -0.056640625 0.06034088 -0.14221191 -0.1373291 0.6816406 0.05078125 0.038085938 0.52246094 -0.07128906 -0.012939453 -0.7890625 -0.13867188 -0.05517578 -0.037719727 -0.029296875 -0.098968506 0.21063232 0.32714844 -0.036132812 0.4194336 -0.37719727 -0.07519531 -0.38867188 0.19760132 0.3869629 0.044921875 0.12658691 0.33740234 -0.4794922 -0.14958191 -0.047851562 -0.3317871 0.5527344 0.2341919 -0.013366699 -0.0546875 -0.12930298 -0.16064453 0.49316406 0.20458984 -0.39160156 -0.31884766 0.034179688 0.31835938 0.07519531 -0.65234375 -0.38623047 -0.33374023 0.11853027 -0.6923828 -0.40722656 0.12335205 0.45214844 -0.16992188 -0.080078125 -0.11376953 -0.09863281 -0.0009765625 -0.055786133 0.53222656 0.038085938 0.25878906 -0.17822266 0.20996094 -0.45996094 0.18231201 -0.03125 -0.02734375 -0.083984375 -0.2672119 -0.5605469 -0.019226074 0.07421875 0.0068359375 -0.020019531 0.12133789 -0.45166016 -0.21240234 0.029052734 -0.33203125 0.1640625 -0.875 0.024475098 -0.2836914 -0.099609375 0.11279297 -0.1027832 0.4873047 -0.15917969 0.28320312 0.03137207 0.020507812 -0.005004883 0.609375 -0.021972656 0.37280273 -0.13574219 -0.20214844 0.3876953 -0.11065674 0.078186035 -0.140625 0.045410156 0.09057617 0.11361694 0.05029297 -0.24560547 0.0836792 0.10888672 -0.31689453 -0.31188965 0.20214844 0.19165039 -0.15698242 -0.067871094 -0.07910156 -0.28466797 0.2989502 0.22198486 0.35546875 0.14477539 0.0126953125 0.022094727 0.13476562 0.44628906 0.51220703 0.26843262 0.060913086 0.4482422 0.66259766 0.12597656 0.18859863 -0.12294006 0.57788086 0.39941406 -0.12438965 -0.35986328 0.21240234 -0.036743164 0.32421875 -0.44433594 -0.111328125 0.17651367 -0.04248047 -0.18334961 0.119628906 -0.0546875 -0.19140625 -0.049621582 -0.16479492 -0.18798828 -0.2890625 0.07128906 0.060546875 -0.34570312 -0.13867188 0.45507812 -0.57128906 0.22836304 -0.5078125 0.047851562 -0.16796875 -0.4267578 -0.099487305 -0.40722656 0.3779297 -0.46777344 -0.1159668 -0.032592773 -0.020507812 0.07324219 -0.21386719 -0.21972656 -0.29296875 0.38671875 0.24246216 0.34594727 
-0.23876953 -0.066986084 0.19873047 0.11050415 -0.24121094 -0.3310547 -0.4501953 0.25976562 -0.068603516 0.08642578 0.040771484 -0.19843292 0.005859375 0.50341797 -0.22753906 -0.001953125 0.06298828 -0.27294922 -0.29052734 0.030761719 -0.05517578 0.19677734 0.09375 -0.029785156 -0.01953125 -0.32421875 0.02734375 0.4753418 0.061523438 0.4631958 -0.0703125 0.10449219 0.12646484 -0.54296875 -0.092285156 -0.07763672 -0.072753906 0.5029297 -0.5292969 -0.19433594 -0.6298828 -0.31689453 -0.021972656 0.16186523 0.019836426 0.15771484 -0.016822815 -0.28295898 -0.17132568 0.19873047 -0.65625 0.08627319 0.4091797 0.09423828 -0.2788086 0.21923828 -0.2084961 -0.1850586 0.08227539 0.21044922 -0.30273438 -0.1171875 -0.25097656 0.39404297 0.15039062 -0.671875 0.0390625 0.1105957 0.30859375 -0.22216797 -0.009765625 -0.28814697 0.19140625 -0.25610352 -0.5048828 0.30200195 0.44433594 0.044189453 0.15698242 -0.40185547 -0.17407227 -0.0029296875 -0.3095703 -0.114471436 0.13134766 0.055908203 -0.5917969 0.40356445 0.060546875 0.18896484 -0.17456055 -0.05126953 0.23649597 -0.09338379 -0.084350586 -0.21044922 0.038085938 0.083984375 -0.021240234 -0.15527344 0.28588867 0.033203125 0.10546875 -0.1585083 0.042785645 0.22729492 0.07287598 0.4716797 -0.18066406 -0.20446777 0.15600586 -0.2998047 -0.51171875 -0.47265625 0.11303711 0.41503906 0.18188477 -0.14453125 0.16052246 -0.0234375 0.04736328 -0.03564453 0.13427734 0.028320312 0.035438538 -0.25354004 -0.19628906 0.53808594 0.09375 0.13867188 0.47753906 -0.15820312 -0.12670898 -0.5727539 -0.075927734 -0.026245117 0.026496887 -0.12402344 -0.15136719 0.23699951 0.31347656 -0.20349121 0.37963867 -0.2631836 0.15039062 -0.27783203 0.27246094 0.12866211 0.22216797 0.07897949 0.41503906 -0.52246094 -0.35075378 -0.076171875 -0.23144531 0.56347656 0.4111328 -0.036132812 -0.30810547 -0.12225342 -0.20214844 0.59124756 0.30419922 -0.22021484 -0.2290039 0.071777344 0.064453125 0.001953125 -0.69921875 -0.24365234 -0.4038086 -0.0009765625 -0.7363281 -0.5332031 0.17407227 0.56640625 -0.07324219 -0.13085938 -0.08154297 -0.1899414 0.17333984 -0.17626953 0.5175781 0.09277344 0.21210098 -0.31835938 0.30859375 -0.25683594 0.19709778 0.07910156 0.099609375 -0.16503906 -0.26037598 -0.39660645 -0.032409668 0.13476562 -0.08203125 0.06982422 -0.03466797 -0.49121094 -0.3095703 0.15112305 -0.36523438 0.16503906 -0.6142578 0.09979248 -0.3984375 -0.06591797 0.27075195 -0.17919922 0.32714844 -0.25195312 0.21777344 0.1361084 -0.09423828 -0.00036621094 0.5576172 -0.07543945 0.40454102 -0.4404297 -0.20214844 0.36621094 -0.13067627 0.02911377 0.14648438 0.06591797 -0.09326172 0.037200928 0.17333984 -0.12890625 -0.10284424 0.013671875 -0.26416016 -0.4375 0.060058594 0.087890625 -0.06665039 -0.061523438 0.30078125 -0.119628906 0.1661377 0.3955078 0.46679688 0.13476562 -0.07128906 0.07458496 0.32470703 0.31347656 0.16796875 0.16784668 0.13232422 0.48632812 0.6274414 -0.15011597 0.17584229 0.013671875 0.5673828 0.27148438 -0.3154297 -0.3383789 0.3388672 -0.0871582 0.31640625 -0.16394043 -0.1517334 0.033691406 -0.13757324 -0.13305664 -0.095825195 -0.17515564 -0.58984375 -0.09503174 -0.12670898 -0.31689453 0.0073242188 0.05517578 -0.0068359375 -0.3701172 -0.26708984 0.25445557 -0.3232422 0.099121094 -0.4658203 0.101379395 -0.140625 -0.4272461 -0.11022949 -0.20239258 -0.0087890625 -0.6269531 -0.14135742 -0.06640625 0.10827637 -0.009765625 -0.38391113 -0.015136719 -0.31835938 0.24169922 0.31396484 0.36621094 
-0.37841797 0.033233643 0.1060791 -0.03781128 -0.111328125 -0.42089844 -0.42578125 0.18945312 -0.3173828 0.46777344 0.28173828 -0.3173828 -0.0546875 0.5488281 -0.3720703 -0.037597656 0.14489746 0.17285156 -0.10424805 0.057373047 0.12194824 0.16113281 0.13769531 0.28173828 -0.28222656 -0.21801758 -0.22460938 0.24511719 0.35253906 0.28125 -0.076171875 0.08105469 0.22302246 -0.39746094 -0.1496582 0.07324219 0.09863281 0.546875 -0.52734375 -0.22998047 -0.3125 -0.107421875 -0.29882812 0.15942383 0.00793457 0.12158203 0.115112305 -0.24804688 -0.025390625 0.025390625 -0.5019531 0.0034179688 0.40820312 0.092285156 -0.030273438 0.09033203 -0.24072266 -0.29833984 0.095214844 -0.03857422 -0.43066406 -0.15527344 -0.3466797 0.24316406 0.19897461 -0.9277344 0.13574219 0.20751953 0.17675781 -0.26123047 0.060058594 -0.1494751 0.31054688 -0.36669922 -0.39282227 0.3647461 0.51171875 0.0769043 0.29418945 -0.4296875 -0.24438477 -0.4140625 -0.080078125 -0.27148438 -0.03186035 0.16601562 -0.5800781 0.40161133 -0.056640625 0.078125 -0.1401825 -0.030761719 0.07910156 -0.1977539 0.11035156 -0.22143555 0.07373047 0.27197266 -0.011230469 -0.049316406 0.4140625 0.12597656 0.0625 0.21551514 0.028137207 0.3022461 -0.0053710938 0.40844727 -0.22607422 -0.3779297 0.328125 -0.38378906 -0.453125 -0.3564453 0.057250977 0.29003906 0.06762695 -0.38378906 0.32421875 -0.24206543 0.33544922 0.026489258 -0.06781006 0.17651367 0.35160065 0.003540039 -0.2915039 0.70703125 -0.10879135 -0.22998047 0.3486328 0.095703125 -0.1237793 -0.5805664 -0.21435547 -0.0234375 -0.08508301 -0.18115234 -0.037597656 0.25653076 0.14819336 -0.14208984 0.28076172 -0.4560547 0.19372559 -0.2998047 0.22998047 0.099365234 -0.068359375 0.06274414 0.29492188 -0.25048828 -0.050949097 0.018554688 -0.48339844 0.47265625 0.34326172 -0.17749023 -0.1887207 -0.055664062 -0.060546875 0.78125 0.15576172 -0.36914062 -0.11373901 0.22924805 0.18554688 -0.028320312 -0.51171875 -0.043945312 -0.34570312 0.13745117 -0.5241699 -0.50390625 0.20214844 0.6074219 -0.26733398 -0.012207031 -0.009765625 -0.125 0.027832031 -0.00390625 0.6855469 -0.040039062 0.47851562 -0.49414062 0.17089844 -0.26843262 0.265625 -0.0048828125 -0.10229492 0.03527832 -0.17443848 -0.45507812 -0.005432129 0.16357422 -0.060546875 -0.14916992 -0.19897461 -0.54589844 -0.36865234 -0.18286133 -0.5214844 0.10253143 -0.953125 -0.12774658 -0.30029297 0.0625 0.21784973 -0.10681152 0.35742188 -0.2421875 0.17456055 0.1048584 0.10986328 -0.017089844 0.44726562 -0.13208008 0.78125 -0.35253906 -0.17236328 0.30419922 -0.06640625 0.19342041 0.07897949 0.019042969 0.26611328 0.08822632 0.28710938 -0.20751953 -0.054748535 0.045410156 -0.2915039 -0.25830078 -0.022857666 -0.1015625 -0.010253906 -0.11077881 0.08105469 -0.17004395 0.14758301 0.33984375 0.43945312 0.15600586 -0.3720703 0.03527832 0.29541016 0.43701172 0.11705017 0.0020751953 -0.19384766 0.52734375 0.6816406 0.064453125 0.3173828 -0.068359375 0.601593 0.3466797 -0.23046875 -0.30908203 0.051757812 -0.2998047 0.22705078 -0.4423828 0.048828125 0.4267578 0.0068359375 0.052001953 0.2866211 0.24511719 -0.32470703 -0.02935791 -0.1159668 -0.18603516 -0.115722656 -0.15332031 0.12890625 -0.3359375 -0.20458984 0.40527344 -0.24267578 0.2548828 -0.37304688 0.064208984 -0.36767578 -0.317688 -0.087402344 0.021484375 0.3955078 -0.6142578 -0.17731857 -0.015136719 -0.087890625 -0.18945312 -0.3166504 -0.17456055 -0.4248047 0.28955078 0.00390625 0.6816406 
-0.36865234 0.22988892 0.21191406 0.0047912598 -0.09277344 -0.36132812 -0.64746094 0.23828125 0.020507812 0.48339844 0.11206055 -0.034179688 -0.3623047 0.33789062 -0.26464844 0.29736328 -0.0087890625 -0.17651367 -0.06643677 -0.06298828 -0.053222656 0.2368164 0.23789978 0.34716797 0.06542969 -0.032226562 -0.00048828125 0.4033203 0.34375 0.3383789 0.19274902 0.2548828 0.060546875 -0.4609375 -0.19384766 -0.103515625 0.0056152344 0.5546875 -0.50683594 -0.051757812 -0.44873047 -0.2602539 -0.25976562 0.14013672 -0.05859375 -0.095458984 -0.29016113 -0.36108398 -0.10205078 0.11987305 -0.5722656 0.045410156 0.2866211 0.1665039 -0.1619873 0.23388672 -0.22753906 0.038085938 -0.0017089844 0.19335938 -0.17456055 -0.0034179688 -0.18945312 0.61816406 0.45410156 -0.71484375 0.0146484375 0.34960938 0.068359375 -0.014404297 -0.053222656 -0.24908447 0.35351562 -0.4326172 -0.44352818 0.032226562 0.38378906 -0.053222656 0.12231445 -0.33325195 -0.068603516 -0.10620117 -0.37695312 -0.3984375 -0.122558594 -0.0078125 -0.6855469 0.31176758 0.2109375 -0.1665039 -0.06591797 0.084228516 -0.015625 -0.03881836 -0.076049805 -0.1765747 0.099121094 0.45214844 0.15600586 -0.10900879 0.091796875 0.14550781 0.28601074 -0.055480957 -0.06121826 0.24588013 -0.19763184 0.50683594 -0.26123047 -0.21661377 0.18261719 -0.22317505 -0.19189453 -0.40576172 0.14282227 0.4248047 0.13598633 -0.32822275 0.18577576 -0.23150635 0.06298828 0.06591797 0.057128906 0.096191406 0.08841705 -0.35705566 -0.22949219 0.5996094 0.0053710938 -0.22851562 0.5732422 -0.017578125 -0.31518555 -0.52227783 0.14404297 -0.13330078 0.04083252 -0.24560547 -0.046142578 0.30145264 0.30566406 -0.36328125 0.32800293 -0.2932129 0.115722656 -0.31640625 0.31445312 0.16772461 0.08691406 0.29003906 0.16357422 -0.36523438 -0.037765503 0.09716797 -0.35839844 0.3864746 0.3310547 0.03540039 -0.11328125 -0.0949707 -0.1850586 0.41503906 0.29248047 -0.14550781 -0.19482422 -0.041992188 0.19897461 -0.3154297 -0.6621094 -0.39208984 -0.29431152 0.1665039 -0.44360352 -0.546875 0.17700195 0.7050781 -0.18701172 0.032958984 -0.028808594 -0.15625 0.27490234 -0.020141602 0.6298828 0.08886719 0.3642578 -0.22583008 0.078308105 -0.5595703 0.3515625 0.2241211 -0.088378906 -0.19140625 -0.03161621 -0.5449219 0.026916504 0.21142578 -0.0126953125 -0.048583984 -0.10986328 -0.4873047 -0.3798828 0.025634766 -0.29589844 0.09277344 -0.38964844 0.077819824 -0.33203125 0.1274414 0.3544922 0.046875 0.39746094 -0.018310547 -0.03125 -0.1607666 0.13623047 0.014862061 0.7714844 -0.018066406 0.328125 -0.3408203 0.029785156 0.5175781 -0.16845703 0.07672119 0.12695312 0.17919922 -0.071777344 0.13851929 0.17236328 -0.17553711 -0.27471924 0.09326172 -0.42626953 -0.3486328 -0.02017212 -0.041015625 -0.06201172 0.037109375 0.1343689 0.0107421875 0.16809082 0.15356445 0.48339844 0.07324219 -0.14559937 -0.103637695 0.21606445 0.5917969 0.20996094 -0.05480957 -0.18701172 0.45410156 0.6640625 0.06933594 -0.0546875 -0.3671875 0.22265625 0.14160156 -0.07788086 -0.27783203 0.22753906 -0.04864502 0.53125 -0.13134766 -0.16094208 0.24511719 -0.27294922 0.021972656 -0.049560547 -0.16040039 -0.68359375 -0.013366699 -0.026123047 0.063964844 0.0036621094 0.15014648 -0.037109375 -0.5957031 -0.34716797 0.50683594 -0.3515625 0.328125 -0.43164062 -0.122558594 0.03857422 -0.28149414 0.021484375 -0.32128906 0.08154297 -0.3725586 0.033203125 0.019042969 0.3203125 -0.10852051 -0.47265625 -0.23095703 -0.3642578 0.14221191 -0.049804688 0.37353516 
-0.36865234 0.22988892 0.21191406 0.0047912598 -0.09277344 -0.36132812 -0.64746094 0.23828125 0.020507812 0.48339844 0.11206055 -0.034179688 -0.3623047 0.33789062 -0.26464844 0.29736328 -0.0087890625 -0.17651367 -0.06643677 -0.06298828 -0.053222656 0.2368164 0.23789978 0.34716797 0.06542969 -0.032226562 -0.00048828125 0.4033203 0.34375 0.3383789 0.19274902 0.2548828 0.060546875 -0.4609375 -0.19384766 -0.103515625 0.0056152344 0.5546875 -0.50683594 -0.051757812 -0.44873047 -0.2602539 -0.25976562 0.14013672 -0.05859375 -0.095458984 -0.29016113 -0.36108398 -0.10205078 0.11987305 -0.5722656 0.045410156 0.2866211 0.1665039 -0.1619873 0.23388672 -0.22753906 0.038085938 -0.0017089844 0.19335938 -0.17456055 -0.0034179688 -0.18945312 0.61816406 0.45410156 -0.71484375 0.0146484375 0.34960938 0.068359375 -0.014404297 -0.053222656 -0.24908447 0.35351562 -0.4326172 -0.44352818 0.032226562 0.38378906 -0.053222656 0.12231445 -0.33325195 -0.068603516 -0.10620117 -0.37695312 -0.3984375 -0.122558594 -0.0078125 -0.6855469 0.31176758 0.2109375 -0.1665039 -0.06591797 0.084228516 -0.015625 -0.03881836 -0.076049805 -0.1765747 0.099121094 0.45214844 0.15600586 -0.10900879 0.091796875 0.14550781 0.28601074 -0.055480957 -0.06121826 0.24588013 -0.19763184 0.50683594 -0.26123047 -0.21661377 0.18261719 -0.22317505 -0.19189453 -0.40576172 0.14282227 0.4248047 0.13598633 -0.32822275 0.18577576 -0.23150635 0.06298828 0.06591797 0.057128906 0.096191406 0.08841705 -0.35705566 -0.22949219 0.5996094 0.0053710938 -0.22851562 0.5732422 -0.017578125 -0.31518555 -0.52227783 0.14404297 -0.13330078 0.04083252 -0.24560547 -0.046142578 0.30145264 0.30566406 -0.36328125 0.32800293 -0.2932129 0.115722656 -0.31640625 0.31445312 0.16772461 0.08691406 0.29003906 0.16357422 -0.36523438 -0.037765503 0.09716797 -0.35839844 0.3864746 0.3310547 0.03540039 -0.11328125 -0.0949707 -0.1850586 0.41503906 0.29248047 -0.14550781 -0.19482422 -0.041992188 0.19897461 -0.3154297 -0.6621094 -0.39208984 -0.29431152 0.1665039 -0.44360352 -0.546875 0.17700195 0.7050781 -0.18701172 0.032958984 -0.028808594 -0.15625 0.27490234 -0.020141602 0.6298828 0.08886719 0.3642578 -0.22583008 0.078308105 -0.5595703 0.3515625 0.2241211 -0.088378906 -0.19140625 -0.03161621 -0.5449219 0.026916504 0.21142578 -0.0126953125 -0.048583984 -0.10986328 -0.4873047 -0.3798828 0.025634766 -0.29589844 0.09277344 -0.38964844 0.077819824 -0.33203125 0.1274414 0.3544922 0.046875 0.39746094 -0.018310547 -0.03125 -0.1607666 0.13623047 0.014862061 0.7714844 -0.018066406 0.328125 -0.3408203 0.029785156 0.5175781 -0.16845703 0.07672119 0.12695312 0.17919922 -0.071777344 0.13851929 0.17236328 -0.17553711 -0.27471924 0.09326172 -0.42626953 -0.3486328 -0.02017212 -0.041015625 -0.06201172 0.037109375 0.1343689 0.0107421875 0.16809082 0.15356445 0.48339844 0.07324219 -0.14559937 -0.103637695 0.21606445 0.5917969 0.20996094 -0.05480957 -0.18701172 0.45410156 0.6640625 0.06933594 -0.0546875 -0.3671875 0.22265625 0.14160156 -0.07788086 -0.27783203 0.22753906 -0.04864502 0.53125 -0.13134766 -0.16094208 0.24511719 -0.27294922 0.021972656 -0.049560547 -0.16040039 -0.68359375 -0.013366699 -0.026123047 0.063964844 0.0036621094 0.15014648 -0.037109375 -0.5957031 -0.34716797 0.50683594 -0.3515625 0.328125 -0.43164062 -0.122558594 0.03857422 -0.28149414 0.021484375 -0.32128906 0.08154297 -0.3725586 0.033203125 0.019042969 0.3203125 -0.10852051 -0.47265625 -0.23095703 -0.3642578 0.14221191 -0.049804688 0.37353516 
-0.33251953 0.123931885 0.22753906 0.12319946 -0.31152344 -0.39160156 -0.47753906 0.037109375 -0.03100586 0.18554688 0.16552734 -0.20791626 -0.038085938 0.5839844 -0.3544922 0.3100586 0.1852417 -0.22753906 -0.15625 -0.092285156 -0.1694336 0.21777344 0.3408203 0.22314453 -0.13256836 -0.26220703 -0.2734375 0.48486328 0.12695312 0.4855957 0.1574707 0.07080078 0.043945312 -0.56640625 -0.04248047 -0.16931152 0.053222656 0.60546875 -0.63671875 -0.26342773 -0.5515137 -0.2475586 -0.123291016 0.22766113 -0.06347656 0.043945312 -0.095825195 -0.44433594 -0.040039062 -0.020507812 -0.47265625 0.265625 0.4560547 -0.024414062 -0.07763672 0.21142578 -0.24902344 -0.24560547 0.22094727 0.07531738 -0.32128906 -0.12695312 -0.17480469 0.091796875 0.107421875 -0.6171875 0.0703125 0.1640625 0.4555664 -0.0675354 -0.010253906 -0.19439697 0.041503906 -0.3486328 -0.52734375 0.33154297 0.20605469 0.15185547 -0.21655273 -0.38720703 -0.21704102 -0.29003906 -0.107666016 -0.17285156 0.1743164 0.10144043 -0.6738281 0.4230957 0.1328125 0.14404297 -0.16784668 -0.04638672 0.21862793 -0.099243164 -0.2265625 -0.21069336 -0.05859375 0.27539062 0.2253418 -0.028808594 0.21166992 0.0 0.19873047 -0.038146973 0.14093018 0.17993164 -0.028930664 0.5439453 -0.2368164 -0.15185547 0.3095703 -0.19030762 -0.5253906 -0.5371094 -0.15307617 0.17352295 0.0949707 -0.3083496 0.1920166 -0.24682617 -0.01550293 0.125 0.114746094 -0.056640625 0.13187408 -0.21154785 -0.044921875 0.8613281 0.04296875 -0.08105469 0.50878906 -0.13671875 -0.29370117 -0.71972656 -0.100097656 -0.12597656 0.013305664 -0.08300781 -0.17578125 0.22625732 0.28710938 -0.18432617 0.3199463 -0.2709961 -0.061523438 -0.27490234 0.2097168 0.37719727 0.14648438 0.14013672 0.23742676 -0.35253906 -0.15544128 0.08300781 -0.4248047 0.58984375 0.4033203 -0.072509766 -0.15332031 0.030273438 -0.2715912 0.62768555 0.30126953 -0.42578125 -0.10266113 0.12426758 0.1850586 -0.060546875 -0.7949219 -0.3383789 -0.3803711 0.12841797 -0.58496094 -0.39941406 0.31054688 0.6230469 -0.09765625 0.17041016 -0.1381836 -0.041015625 0.13891602 0.09326172 0.625 -0.036621094 0.13330078 -0.30932617 0.34179688 -0.30981445 -0.034179688 0.091552734 0.14550781 -0.0703125 -0.21350098 -0.58984375 0.19049072 0.2006836 -0.053710938 -0.09265137 0.03930664 -0.5048828 -0.08203125 0.103271484 -0.29785156 0.13574219 -0.46453857 -0.1482544 -0.3876953 0.122558594 0.107421875 -0.2475586 0.274292 -0.27148438 0.08105469 0.044311523 -0.005859375 -0.0057373047 0.5174408 -0.0024414062 0.28027344 -0.19140625 -0.1928711 0.35205078 -0.18017578 0.059143066 0.01586914 0.03125 0.0034179688 0.34262085 0.20214844 -0.14755249 0.059265137 0.18310547 -0.4165039 -0.26794434 0.033691406 0.123168945 -0.07446289 -0.11105347 0.00390625 -0.057617188 -0.06335449 0.30078125 0.3027954 0.22277832 -0.0087890625 0.08190918 0.24517822 0.4819336 0.08532715 0.08337402 0.09814453 0.39648438 0.48095703 -0.049804688 0.2475586 -0.17236328 0.48828125 0.25195312 -0.15881348 -0.3071289 -0.018554688 -0.08190918 0.31152344 -0.3779297 0.025390625 0.28515625 -0.022460938 -0.06982422 0.079589844 -0.15136719 -0.42559814 -0.062805176 -0.0043945312 -0.03955078 -0.27441406 0.24902344 0.1340332 -0.29504395 -0.1015625 0.40722656 -0.6376953 0.100097656 -0.30639648 0.00048828125 -0.1381836 -0.28149414 -0.00390625 -0.20385742 0.12890625 -0.5385742 -0.25927734 -0.025268555 -0.036132812 -0.07299805 -0.31762695 -0.2998047 -0.34277344 0.3642578 0.09667969 0.5029297 
 
-0.36865234 0.22988892 0.21191406 0.0047912598 -0.09277344 -0.36132812 -0.64746094 0.23828125 0.020507812 0.48339844 0.11206055 -0.034179688 -0.3623047 0.33789062 -0.26464844 0.29736328 -0.0087890625 -0.17651367 -0.06643677 -0.06298828 -0.053222656 0.2368164 0.23789978 0.34716797 0.06542969 -0.032226562 -0.00048828125 0.4033203 0.34375 0.3383789 0.19274902 0.2548828 0.060546875 -0.4609375 -0.19384766 -0.103515625 0.0056152344 0.5546875 -0.50683594 -0.051757812 -0.44873047 -0.2602539 -0.25976562 0.14013672 -0.05859375 -0.095458984 -0.29016113 -0.36108398 -0.10205078 0.11987305 -0.5722656 0.045410156 0.2866211 0.1665039 -0.1619873 0.23388672 -0.22753906 0.038085938 -0.0017089844 0.19335938 -0.17456055 -0.0034179688 -0.18945312 0.61816406 0.45410156 -0.71484375 0.0146484375 0.34960938 0.068359375 -0.014404297 -0.053222656 -0.24908447 0.35351562 -0.4326172 -0.44352818 0.032226562 0.38378906 -0.053222656 0.12231445 -0.33325195 -0.068603516 -0.10620117 -0.37695312 -0.3984375 -0.122558594 -0.0078125 -0.6855469 0.31176758 0.2109375 -0.1665039 -0.06591797 0.084228516 -0.015625 -0.03881836 -0.076049805 -0.1765747 0.099121094 0.45214844 0.15600586 -0.10900879 0.091796875 0.14550781 0.28601074 -0.055480957 -0.06121826 0.24588013 -0.19763184 0.50683594 -0.26123047 -0.21661377 0.18261719 -0.22317505 -0.19189453 -0.40576172 0.14282227 0.4248047 0.13598633 -0.32822275 0.18577576 -0.23150635 0.06298828 0.06591797 0.057128906 0.096191406 0.08841705 -0.35705566 -0.22949219 0.5996094 0.0053710938 -0.22851562 0.5732422 -0.017578125 -0.31518555 -0.52227783 0.14404297 -0.13330078 0.04083252 -0.24560547 -0.046142578 0.30145264 0.30566406 -0.36328125 0.32800293 -0.2932129 0.115722656 -0.31640625 0.31445312 0.16772461 0.08691406 0.29003906 0.16357422 -0.36523438 -0.037765503 0.09716797 -0.35839844 0.3864746 0.3310547 0.03540039 -0.11328125 -0.0949707 -0.1850586 0.41503906 0.29248047 -0.14550781 -0.19482422 -0.041992188 0.19897461 -0.3154297 -0.6621094 -0.39208984 -0.29431152 0.1665039 -0.44360352 -0.546875 0.17700195 0.7050781 -0.18701172 0.032958984 -0.028808594 -0.15625 0.27490234 -0.020141602 0.6298828 0.08886719 0.3642578 -0.22583008 0.078308105 -0.5595703 0.3515625 0.2241211 -0.088378906 -0.19140625 -0.03161621 -0.5449219 0.026916504 0.21142578 -0.0126953125 -0.048583984 -0.10986328 -0.4873047 -0.3798828 0.025634766 -0.29589844 0.09277344 -0.38964844 0.077819824 -0.33203125 0.1274414 0.3544922 0.046875 0.39746094 -0.018310547 -0.03125 -0.1607666 0.13623047 0.014862061 0.7714844 -0.018066406 0.328125 -0.3408203 0.029785156 0.5175781 -0.16845703 0.07672119 0.12695312 0.17919922 -0.071777344 0.13851929 0.17236328 -0.17553711 -0.27471924 0.09326172 -0.42626953 -0.3486328 -0.02017212 -0.041015625 -0.06201172 0.037109375 0.1343689 0.0107421875 0.16809082 0.15356445 0.48339844 0.07324219 -0.14559937 -0.103637695 0.21606445 0.5917969 0.20996094 -0.05480957 -0.18701172 0.45410156 0.6640625 0.06933594 -0.0546875 -0.3671875 0.22265625 0.14160156 -0.07788086 -0.27783203 0.22753906 -0.04864502 0.53125 -0.13134766 -0.16094208 0.24511719 -0.27294922 0.021972656 -0.049560547 -0.16040039 -0.68359375 -0.013366699 -0.026123047 0.063964844 0.0036621094 0.15014648 -0.037109375 -0.5957031 -0.34716797 0.50683594 -0.3515625 0.328125 -0.43164062 -0.122558594 0.03857422 -0.28149414 0.021484375 -0.32128906 0.08154297 -0.3725586 0.033203125 0.019042969 0.3203125 -0.10852051 -0.47265625 -0.23095703 -0.3642578 0.14221191 -0.049804688 0.37353516 
0.05908203 -0.03866577 0.4482422 0.19448853 -0.119384766 -0.4140625 -0.31933594 0.115234375 -0.008300781 0.18371582 0.17236328 -0.33789062 -0.22854614 0.6298828 -0.00390625 0.09106445 0.14135742 -0.29882812 -0.31982422 0.04736328 -0.107910156 0.41992188 0.29370117 -0.1352539 -0.0390625 -0.20458984 0.0075683594 0.4293213 0.2276001 0.56152344 0.10888672 0.11767578 0.0126953125 -0.2944336 -0.13259888 -0.08154297 0.06201172 0.5878906 -0.5644531 -0.18115234 -0.53430176 -0.24658203 -0.1743164 0.25561523 -0.048339844 0.06689453 -0.017440796 -0.45117188 -0.19042969 -0.0029296875 -0.5996094 0.28027344 0.09375 0.15478516 -0.24291992 0.23388672 -0.076660156 -0.2475586 0.24536133 0.26220703 -0.28222656 -0.17285156 -0.3935547 0.42829132 0.119140625 -0.5019531 0.21483612 0.11193848 0.2553711 -0.16113281 0.1274414 -0.28814697 0.15185547 -0.16113281 -0.4328003 0.26400757 0.30151367 -0.013183594 0.08154297 -0.25805664 -0.0637207 -0.076171875 -0.2397461 -0.37304688 0.25146484 0.24853516 -0.66796875 0.51293945 0.17773438 0.3022461 -0.29589844 -0.064941406 -0.032226562 -0.115234375 -0.01928711 -0.19702148 0.080078125 0.15164185 0.052001953 -0.20019531 0.2109375 0.13330078 0.032226562 -0.19073486 0.20831299 0.11035156 0.13049316 0.5214844 -0.24365234 -0.2350769 0.16870117 -0.24597168 -0.6777344 -0.42285156 -0.083740234 0.09082031 0.21411133 -0.17089844 0.1907959 -0.20361328 -0.049804688 0.0107421875 0.12548828 0.06982422 0.005317688 -0.27111816 -0.17504883 0.42944336 0.076171875 -0.024902344 0.4033203 -0.2581787 -0.022216797 -0.609375 -0.047668457 -0.063964844 -0.051879883 -0.53515625 0.009277344 0.23406982 0.15771484 -0.3203125 0.4609375 -0.3720703 0.15307617 -0.3798828 0.42089844 0.19165039 0.08496094 0.15454102 0.26782227 -0.34277344 -0.20036316 -0.13378906 -0.25 0.44921875 0.4248047 -0.08569336 -0.2993164 -0.24267578 -0.18847656 0.6092529 0.21435547 -0.2614746 -0.24560547 0.115234375 0.18164062 -0.0546875 -0.4765625 -0.19677734 -0.52441406 0.09979248 -0.6748047 -0.3779297 0.11437988 0.48535156 -0.25860596 -0.24316406 -0.048339844 -0.1015625 0.23779297 -0.38232422 0.5986328 -0.103515625 0.29296875 -0.3935547 0.37304688 -0.107421875 0.037109375 0.19116211 -0.06542969 -0.08496094 -0.23205566 -0.38012695 -0.09857178 0.20947266 -0.016601562 -0.07519531 0.15942383 -0.54003906 -0.31884766 -0.09106445 -0.67578125 0.31152344 -0.6582031 -0.10479736 -0.35839844 -0.052490234 0.29101562 -0.27148438 0.32080078 -0.11621094 0.029296875 -0.10656738 -0.079589844 -0.06347656 0.6767578 0.27001953 0.47485352 -0.48339844 -0.35009766 0.3100586 -0.059326172 0.011291504 0.35742188 -0.19189453 -0.10107422 0.28988647 0.01928711 -0.3876953 0.07733154 -0.016113281 -0.22802734 -0.37158203 0.045654297 0.09448242 -0.17578125 -0.013671875 0.16137695 -0.1171875 0.17199707 0.34375 0.18164062 0.043945312 -0.21191406 -0.0072631836 0.14697266 0.25195312 0.30908203 0.43347168 0.024780273 0.3232422 0.7626953 -0.13171387 0.14611816 -0.19042969 0.6904297 0.40527344 -0.3408203 -0.27294922 0.3330078 0.03125 0.3798828 -0.3154297 0.005859375 0.001953125 -0.3955078 -0.15991211 0.064941406 -0.2368164 -0.42504883 0.050964355 -0.2980957 -0.27001953 -0.15429688 0.123535156 -0.046875 -0.3540039 -0.30029297 0.45410156 -0.5205078 0.17675781 -0.54296875 0.044921875 -0.3149414 -0.5576172 0.21582031 -0.25139618 0.24145508 -0.8417969 -0.17751694 -0.06750488 0.17871094 -0.067871094 -0.6308594 -0.35546875 -0.54589844 0.4169922 0.10644531 0.35107422 
 
-0.23876953 -0.066986084 0.19873047 0.11050415 -0.24121094 -0.3310547 -0.4501953 0.25976562 -0.068603516 0.08642578 0.040771484 -0.19843292 0.005859375 0.50341797 -0.22753906 -0.001953125 0.06298828 -0.27294922 -0.29052734 0.030761719 -0.05517578 0.19677734 0.09375 -0.029785156 -0.01953125 -0.32421875 0.02734375 0.4753418 0.061523438 0.4631958 -0.0703125 0.10449219 0.12646484 -0.54296875 -0.092285156 -0.07763672 -0.072753906 0.5029297 -0.5292969 -0.19433594 -0.6298828 -0.31689453 -0.021972656 0.16186523 0.019836426 0.15771484 -0.016822815 -0.28295898 -0.17132568 0.19873047 -0.65625 0.08627319 0.4091797 0.09423828 -0.2788086 0.21923828 -0.2084961 -0.1850586 0.08227539 0.21044922 -0.30273438 -0.1171875 -0.25097656 0.39404297 0.15039062 -0.671875 0.0390625 0.1105957 0.30859375 -0.22216797 -0.009765625 -0.28814697 0.19140625 -0.25610352 -0.5048828 0.30200195 0.44433594 0.044189453 0.15698242 -0.40185547 -0.17407227 -0.0029296875 -0.3095703 -0.114471436 0.13134766 0.055908203 -0.5917969 0.40356445 0.060546875 0.18896484 -0.17456055 -0.05126953 0.23649597 -0.09338379 -0.084350586 -0.21044922 0.038085938 0.083984375 -0.021240234 -0.15527344 0.28588867 0.033203125 0.10546875 -0.1585083 0.042785645 0.22729492 0.07287598 0.4716797 -0.18066406 -0.20446777 0.15600586 -0.2998047 -0.51171875 -0.47265625 0.11303711 0.41503906 0.18188477 -0.14453125 0.16052246 -0.0234375 0.04736328 -0.03564453 0.13427734 0.028320312 0.035438538 -0.25354004 -0.19628906 0.53808594 0.09375 0.13867188 0.47753906 -0.15820312 -0.12670898 -0.5727539 -0.075927734 -0.026245117 0.026496887 -0.12402344 -0.15136719 0.23699951 0.31347656 -0.20349121 0.37963867 -0.2631836 0.15039062 -0.27783203 0.27246094 0.12866211 0.22216797 0.07897949 0.41503906 -0.52246094 -0.35075378 -0.076171875 -0.23144531 0.56347656 0.4111328 -0.036132812 -0.30810547 -0.12225342 -0.20214844 0.59124756 0.30419922 -0.22021484 -0.2290039 0.071777344 0.064453125 0.001953125 -0.69921875 -0.24365234 -0.4038086 -0.0009765625 -0.7363281 -0.5332031 0.17407227 0.56640625 -0.07324219 -0.13085938 -0.08154297 -0.1899414 0.17333984 -0.17626953 0.5175781 0.09277344 0.21210098 -0.31835938 0.30859375 -0.25683594 0.19709778 0.07910156 0.099609375 -0.16503906 -0.26037598 -0.39660645 -0.032409668 0.13476562 -0.08203125 0.06982422 -0.03466797 -0.49121094 -0.3095703 0.15112305 -0.36523438 0.16503906 -0.6142578 0.09979248 -0.3984375 -0.06591797 0.27075195 -0.17919922 0.32714844 -0.25195312 0.21777344 0.1361084 -0.09423828 -0.00036621094 0.5576172 -0.07543945 0.40454102 -0.4404297 -0.20214844 0.36621094 -0.13067627 0.02911377 0.14648438 0.06591797 -0.09326172 0.037200928 0.17333984 -0.12890625 -0.10284424 0.013671875 -0.26416016 -0.4375 0.060058594 0.087890625 -0.06665039 -0.061523438 0.30078125 -0.119628906 0.1661377 0.3955078 0.46679688 0.13476562 -0.07128906 0.07458496 0.32470703 0.31347656 0.16796875 0.16784668 0.13232422 0.48632812 0.6274414 -0.15011597 0.17584229 0.013671875 0.5673828 0.27148438 -0.3154297 -0.3383789 0.3388672 -0.0871582 0.31640625 -0.16394043 -0.1517334 0.033691406 -0.13757324 -0.13305664 -0.095825195 -0.17515564 -0.58984375 -0.09503174 -0.12670898 -0.31689453 0.0073242188 0.05517578 -0.0068359375 -0.3701172 -0.26708984 0.25445557 -0.3232422 0.099121094 -0.4658203 0.101379395 -0.140625 -0.4272461 -0.11022949 -0.20239258 -0.0087890625 -0.6269531 -0.14135742 -0.06640625 0.10827637 -0.009765625 -0.38391113 -0.015136719 -0.31835938 0.24169922 0.31396484 0.36621094 
-0.12414551 0.073150635 0.1899414 0.047027588 -0.1977539 -0.18060303 -0.4326172 0.09375 -0.028869629 0.26391602 0.09289551 -0.32470703 -0.11230469 0.65722656 -0.3623047 0.29345703 0.30566406 -0.12597656 -0.18701172 -0.110839844 -0.027832031 0.22705078 0.27416992 0.08911133 0.03515625 -0.39453125 -0.22265625 0.5908203 0.27734375 0.38330078 -0.021484375 0.26757812 0.13476562 -0.52734375 -0.1105957 -0.1829834 0.060546875 0.4794922 -0.6230469 -0.07910156 -0.52001953 -0.3005371 -0.25585938 0.18408203 -0.047851562 0.06640625 -0.08166504 -0.39111328 0.01953125 -0.036132812 -0.42529297 0.15039062 0.54589844 -0.07519531 -0.1697998 0.2553711 -0.39648438 -0.15771484 0.31274414 0.056396484 -0.48339844 -0.17675781 -0.15332031 0.36572266 0.25231934 -0.54589844 0.12158203 0.09320068 0.26660156 -0.014160156 0.092285156 -0.30181885 0.08654785 -0.31982422 -0.46240234 0.26678467 0.33251953 0.017333984 0.13012695 -0.47753906 -0.16040039 -0.20214844 -0.35742188 -0.13549805 0.044677734 0.34716797 -0.65625 0.48950195 -0.09399414 0.28076172 0.045898438 -0.05810547 0.11425781 -0.18261719 -0.095336914 -0.2709961 -0.16699219 0.36621094 0.15795898 -0.087402344 0.34033203 0.21069336 0.25073242 0.031677246 0.17901611 0.26391602 0.123168945 0.46899414 -0.29345703 -0.12988281 0.23339844 -0.2919922 -0.4951172 -0.484375 -0.008056641 0.19213867 -0.00048828125 -0.4453125 0.11767578 -0.057617188 0.01953125 0.25830078 0.029785156 -0.056640625 0.06034088 -0.14221191 -0.1373291 0.6816406 0.05078125 0.038085938 0.52246094 -0.07128906 -0.012939453 -0.7890625 -0.13867188 -0.05517578 -0.037719727 -0.029296875 -0.098968506 0.21063232 0.32714844 -0.036132812 0.4194336 -0.37719727 -0.07519531 -0.38867188 0.19760132 0.3869629 0.044921875 0.12658691 0.33740234 -0.4794922 -0.14958191 -0.047851562 -0.3317871 0.5527344 0.2341919 -0.013366699 -0.0546875 -0.12930298 -0.16064453 0.49316406 0.20458984 -0.39160156 -0.31884766 0.034179688 0.31835938 0.07519531 -0.65234375 -0.38623047 -0.33374023 0.11853027 -0.6923828 -0.40722656 0.12335205 0.45214844 -0.16992188 -0.080078125 -0.11376953 -0.09863281 -0.0009765625 -0.055786133 0.53222656 0.038085938 0.25878906 -0.17822266 0.20996094 -0.45996094 0.18231201 -0.03125 -0.02734375 -0.083984375 -0.2672119 -0.5605469 -0.019226074 0.07421875 0.0068359375 -0.020019531 0.12133789 -0.45166016 -0.21240234 0.029052734 -0.33203125 0.1640625 -0.875 0.024475098 -0.2836914 -0.099609375 0.11279297 -0.1027832 0.4873047 -0.15917969 0.28320312 0.03137207 0.020507812 -0.005004883 0.609375 -0.021972656 0.37280273 -0.13574219 -0.20214844 0.3876953 -0.11065674 0.078186035 -0.140625 0.045410156 0.09057617 0.11361694 0.05029297 -0.24560547 0.0836792 0.10888672 -0.31689453 -0.31188965 0.20214844 0.19165039 -0.15698242 -0.067871094 -0.07910156 -0.28466797 0.2989502 0.22198486 0.35546875 0.14477539 0.0126953125 0.022094727 0.13476562 0.44628906 0.51220703 0.26843262 0.060913086 0.4482422 0.66259766 0.12597656 0.18859863 -0.12294006 0.57788086 0.39941406 -0.12438965 -0.35986328 0.21240234 -0.036743164 0.32421875 -0.44433594 -0.111328125 0.17651367 -0.04248047 -0.18334961 0.119628906 -0.0546875 -0.19140625 -0.049621582 -0.16479492 -0.18798828 -0.2890625 0.07128906 0.060546875 -0.34570312 -0.13867188 0.45507812 -0.57128906 0.22836304 -0.5078125 0.047851562 -0.16796875 -0.4267578 -0.099487305 -0.40722656 0.3779297 -0.46777344 -0.1159668 -0.032592773 -0.020507812 0.07324219 -0.21386719 -0.21972656 -0.29296875 0.38671875 0.24246216 0.34594727 



